P#,Document,Extension,Jenis,SortCategory,Category,SortTopic,Topic,Date,LastUpdated,MIMEType,Size,ID,url
5,S-393 PJ 02 2016,,KUP,0,Dasar Hukum,1,Surat Edaran,Thu Feb 20 2020 15:27:13 GMT+0800 (HKT),Tue Mar 10 2020 15:09:34 GMT+0800 (HKT),document,0,1QTZ0vcUlLd73OSOIUp-4GaFyEVTkToCRCFrl5GwcBVU,https://docs.google.com/document/d/1QTZ0vcUlLd73OSOIUp-4GaFyEVTkToCRCFrl5GwcBVU/edit?usp=drivesdk
4,SE-40/PJ-42/1998,,KUP,0,Dasar Hukum,1,Surat Edaran,Tue Feb 18 2020 10:13:36 GMT+0800 (HKT),Tue Mar 10 2020 15:09:19 GMT+0800 (HKT),document,0,1kOi1cFbS7nAElRm_it22_oQJ2kk7Pijngxn1GZlQkls,https://docs.google.com/document/d/1kOi1cFbS7nAElRm_it22_oQJ2kk7Pijngxn1GZlQkls/edit?usp=drivesdk
3,SE - 14/PJ/313/1991,,KUP,0,Dasar Hukum,1,Surat Edaran,Tue Feb 18 2020 10:13:25 GMT+0800 (HKT),Tue Mar 10 2020 15:09:09 GMT+0800 (HKT),document,0,1759svfFgB7b3VGvfpp2YAkPFDtw48g5pBzw2efBZRKs,https://docs.google.com/document/d/1759svfFgB7b3VGvfpp2YAkPFDtw48g5pBzw2efBZRKs/edit?usp=drivesdk
2,S-22/PJ-02/2016,,KUP,0,Dasar Hukum,1,Surat Edaran,Tue Feb 18 2020 10:13:31 GMT+0800 (HKT),Tue Mar 10 2020 15:08:55 GMT+0800 (HKT),document,0,1lXM6AVK9pzr5Kdn0nVw7gMQ6IO5xq-V0--VDHCCMLgw,https://docs.google.com/document/d/1lXM6AVK9pzr5Kdn0nVw7gMQ6IO5xq-V0--VDHCCMLgw/edit?usp=drivesdk
1,S - 255/PJ,312/2004,KUP,0,Dasar Hukum,1,Surat Edaran,Tue Feb 18 2020 10:13:41 GMT+0800 (HKT),Tue Mar 10 2020 15:08:43 GMT+0800 (HKT),document,0,1o2H0tyeXqzRrYVxg3h5chsU_PmQXA5JxmEn04G7ZIO0,https://docs.google.com/document/d/1o2H0tyeXqzRrYVxg3h5chsU_PmQXA5JxmEn04G7ZIO0/edit?usp=drivesdk
6,Surat Edaran Dirjen Pajak Nomor SE-27-PJ-22-1986,,KUP,0,Dasar Hukum,1,Surat Edaran,Tue Feb 25 2020 11:08:18 GMT+0800 (HKT),Tue Feb 25 2020 11:08:28 GMT+0800 (HKT),document,0,1y3v7ewCQn8ZSNRBana5lTrB-YvGELeP4YRYfm-34AoQ,https://docs.google.com/document/d/1y3v7ewCQn8ZSNRBana5lTrB-YvGELeP4YRYfm-34AoQ/edit?usp=drivesdk
1,Imbalan Bunga (Ketentuan Sejak 1 Januari 2014),,KUP,12,Imbalan Bunga,1,Imbalan bunga sejak 1 Januari 2014,Tue Feb 18 2020 10:09:40 GMT+0800 (HKT),Tue Mar 10 2020 19:52:58 GMT+0800 (HKT),document,0,1RecILhPF2HWccoYdhXfvSFDdbg5Ssa1RSchL_dcxWnE,https://docs.google.com/document/d/1RecILhPF2HWccoYdhXfvSFDdbg5Ssa1RSchL_dcxWnE/edit?usp=drivesdk
6,Tata Cara Penghitungan Kelebihan Pembayaran PPh PPN dan atau PPnBM,,KUP,11,Restitusi,,,Tue Feb 18 2020 10:06:13 GMT+0800 (HKT),Thu Feb 20 2020 09:52:05 GMT+0800 (HKT),document,0,1Lq6_OA1SM-jWme9RMQrQAmdIN9WG13VhVlObrMfpjks,https://docs.google.com/document/d/1Lq6_OA1SM-jWme9RMQrQAmdIN9WG13VhVlObrMfpjks/edit?usp=drivesdk
5,Tata Cara Pengembalian Kelebihan Pembayaran Pajak yang Seharusnya Tidak Terutang sejak 30 September 2015,,KUP,11,Restitusi,,,Tue Feb 18 2020 10:05:53 GMT+0800 (HKT),Tue Feb 18 2020 10:09:00 GMT+0800 (HKT),document,0,1NfQrFK7StbjydDjhEogxfg3Z_LTd5-TdiBkM90kP6oE,https://docs.google.com/document/d/1NfQrFK7StbjydDjhEogxfg3Z_LTd5-TdiBkM90kP6oE/edit?usp=drivesdk
11,PKP Wajib Pajak Kriteria Tertentu,,KUP,11,Restitusi,,,Tue Feb 18 2020 10:06:06 GMT+0800 (HKT),Tue Feb 18 2020 10:08:59 GMT+0800 (HKT),document,0,1YKCuJX7np8nYykM1NCHvWdx_1JIcJDWDVai1R0-R8cI,https://docs.google.com/document/d/1YKCuJX7np8nYykM1NCHvWdx_1JIcJDWDVai1R0-R8cI/edit?usp=drivesdk
12,PKP Wajib Pajak Persyaratan Tertentu,,KUP,11,Restitusi,,,Tue Feb 18 2020 10:06:19 GMT+0800 (HKT),Tue Feb 18 2020 10:08:56 GMT+0800 (HKT),document,0,1LWhrEhP9CjWPdW2b_j3YmgBOu-pNSH_04BbtrxP7TsA,https://docs.google.com/document/d/1LWhrEhP9CjWPdW2b_j3YmgBOu-pNSH_04BbtrxP7TsA/edit?usp=drivesdk
1,Tata Cara Pengembalian Kelebihan Pembayaran Pajak yang Seharusnya Tidak Terutang sejak 30 September 2015,,KUP,11,Restitusi,,,Tue Feb 18 2020 10:05:58 GMT+0800 (HKT),Tue Feb 18 2020 10:08:55 GMT+0800 (HKT),document,0,1GVWYTMEjuuCFPkbwEMm3E6qt8_cNkFhixwueIQ6BbPI,https://docs.google.com/document/d/1GVWYTMEjuuCFPkbwEMm3E6qt8_cNkFhixwueIQ6BbPI/edit?usp=drivesdk
2,SKPKB,,KUP,10,"Sanksi, Penetapan dan Ketetapan Pajak",,,Tue Feb 18 2020 10:02:02 GMT+0800 (HKT),Tue Feb 18 2020 10:04:39 GMT+0800 (HKT),document,0,1l6YwinMRd56ru3DJcg2MlKhb1Xfn8Rhop8W8waJnCYw,https://docs.google.com/document/d/1l6YwinMRd56ru3DJcg2MlKhb1Xfn8Rhop8W8waJnCYw/edit?usp=drivesdk
3,Surat Tagihan Pajak (STP),,KUP,10,"Sanksi, Penetapan dan Ketetapan Pajak",,,Tue Feb 18 2020 10:01:55 GMT+0800 (HKT),Tue Feb 18 2020 10:04:38 GMT+0800 (HKT),document,0,1rh6wUC8TBdMSZWeOmLDtVtpAbGXhEETwMy6tmILrGLM,https://docs.google.com/document/d/1rh6wUC8TBdMSZWeOmLDtVtpAbGXhEETwMy6tmILrGLM/edit?usp=drivesdk
1,Surat Ketetapan Pajak (SKP),,KUP,10,"Sanksi, Penetapan dan Ketetapan Pajak",,,Tue Feb 18 2020 10:01:45 GMT+0800 (HKT),Tue Feb 18 2020 10:04:37 GMT+0800 (HKT),document,0,183k8eVAywlHensqo4TMdXI7Z5VXJmmfD-o4tTcHZVvM,https://docs.google.com/document/d/183k8eVAywlHensqo4TMdXI7Z5VXJmmfD-o4tTcHZVvM/edit?usp=drivesdk
4,SKPKBT,,KUP,10,"Sanksi, Penetapan dan Ketetapan Pajak",,,Tue Feb 18 2020 10:01:40 GMT+0800 (HKT),Tue Feb 18 2020 10:04:37 GMT+0800 (HKT),document,0,18eawBJqkpz_59Qe3Rzs-n8KPiKBy8K-j_FXqPRDy5uE,https://docs.google.com/document/d/18eawBJqkpz_59Qe3Rzs-n8KPiKBy8K-j_FXqPRDy5uE/edit?usp=drivesdk
2,Tatacara Pemeriksaan,,KUP,9,Pemeriksaan,,,Tue Feb 18 2020 14:09:27 GMT+0800 (HKT),Thu Mar 19 2020 22:02:08 GMT+0800 (HKT),document,0,1baGNb0vPoG5C3xgtazGTgsgvR4peXuJE34Q_lFAWVVY,https://docs.google.com/document/d/1baGNb0vPoG5C3xgtazGTgsgvR4peXuJE34Q_lFAWVVY/edit?usp=drivesdk
1,Dasar-Hukum-Pemeriksaan,,KUP,9,Pemeriksaan,,,Tue Feb 18 2020 14:09:13 GMT+0800 (HKT),Thu Mar 19 2020 22:02:00 GMT+0800 (HKT),document,0,1DI_p8U1TpImtns-a0sArUf1yo9iJJ_Kk8tYayfdXTX8,https://docs.google.com/document/d/1DI_p8U1TpImtns-a0sArUf1yo9iJJ_Kk8tYayfdXTX8/edit?usp=drivesdk
1,Ruang Lingkup Kriteria dan Jenis Pemeriksaan,,KUP,9,Pemeriksaan,1,Pemeriksaan Untuk Menguji Kepatuhan Pemenuhan Kewajiban Perpajakan (Sejak 1 Februari 2013),Tue Feb 18 2020 14:09:33 GMT+0800 (HKT),Thu Feb 20 2020 09:53:54 GMT+0800 (HKT),document,0,15RjeHiswS6-xH4KwltySSqOekw6Ukqbx-6_RID0HTVM,https://docs.google.com/document/d/15RjeHiswS6-xH4KwltySSqOekw6Ukqbx-6_RID0HTVM/edit?usp=drivesdk
2,standar-pemeriksaan,,KUP,9,Pemeriksaan,1,Pemeriksaan Untuk Menguji Kepatuhan Pemenuhan Kewajiban Perpajakan (Sejak 1 Februari 2013),Tue Feb 18 2020 14:09:21 GMT+0800 (HKT),Tue Feb 18 2020 14:15:34 GMT+0800 (HKT),document,0,15b1pvQKWJvPzus7KhN5dgoz8iYxyHoXTo8KKm4UsRyc,https://docs.google.com/document/d/15b1pvQKWJvPzus7KhN5dgoz8iYxyHoXTo8KKm4UsRyc/edit?usp=drivesdk
3,kewajiban-dan-kewenangan-pemeriksa,,KUP,9,Pemeriksaan,1,Pemeriksaan Untuk Menguji Kepatuhan Pemenuhan Kewajiban Perpajakan (Sejak 1 Februari 2013),Tue Feb 18 2020 14:09:38 GMT+0800 (HKT),Tue Feb 18 2020 14:15:28 GMT+0800 (HKT),document,0,1vkMx-vJfP13VQ33cKlA9vgjCrituINS9rusXy8RW_0U,https://docs.google.com/document/d/1vkMx-vJfP13VQ33cKlA9vgjCrituINS9rusXy8RW_0U/edit?usp=drivesdk
4,Hak dan Kewajiban Wajib Pajak,,KUP,9,Pemeriksaan,1,Pemeriksaan Untuk Menguji Kepatuhan Pemenuhan Kewajiban Perpajakan (Sejak 1 Februari 2013),Tue Feb 18 2020 14:08:59 GMT+0800 (HKT),Tue Feb 18 2020 14:15:14 GMT+0800 (HKT),document,0,1Atk5QFhf_zlWKnLoQFzm4B1rCRGbZZT-Yt9RntTpNMw,https://docs.google.com/document/d/1Atk5QFhf_zlWKnLoQFzm4B1rCRGbZZT-Yt9RntTpNMw/edit?usp=drivesdk
5,Ketentuan Terkait Konversi Ke Satuan Mata Uang Dollar Dan Ketentuan Lain Setelah WP Memperoleh Izin Pembukuan Dollar,,KUP,8,Pembukuan,,,Tue Feb 18 2020 09:46:13 GMT+0800 (HKT),Tue Feb 18 2020 09:48:45 GMT+0800 (HKT),document,0,1N947dizaGUEp5K9sXJ_dE6GQ9DAjmZhB58Dt_fQjg-w,https://docs.google.com/document/d/1N947dizaGUEp5K9sXJ_dE6GQ9DAjmZhB58Dt_fQjg-w/edit?usp=drivesdk
1,Pembukuan dengan Mata Uang Asing,,KUP,8,Pembukuan,,,Tue Feb 18 2020 09:46:06 GMT+0800 (HKT),Tue Feb 18 2020 09:48:44 GMT+0800 (HKT),document,0,1DjAPs4_rv7Kige-HWVb4K-JN_hDotPyoyP_yD7WGFDk,https://docs.google.com/document/d/1DjAPs4_rv7Kige-HWVb4K-JN_hDotPyoyP_yD7WGFDk/edit?usp=drivesdk
4,Pencatatan,,KUP,8,Pembukuan,,,Tue Feb 18 2020 09:45:58 GMT+0800 (HKT),Tue Feb 18 2020 09:48:43 GMT+0800 (HKT),document,0,1iK5vCFRrmID-LCWGOUWkYpUyTwYM51vJneXI_ZXafv8,https://docs.google.com/document/d/1iK5vCFRrmID-LCWGOUWkYpUyTwYM51vJneXI_ZXafv8/edit?usp=drivesdk
3,Pembukuan,,KUP,8,Pembukuan,,,Tue Feb 18 2020 09:45:50 GMT+0800 (HKT),Tue Feb 18 2020 09:48:42 GMT+0800 (HKT),document,0,1srH4olkIvT1QqXGR_yRxyorf1KFXaFkm-9mQolMqUmQ,https://docs.google.com/document/d/1srH4olkIvT1QqXGR_yRxyorf1KFXaFkm-9mQolMqUmQ/edit?usp=drivesdk
2,Perubahan Metode Pembukuan dan atau Tahun Buku,,KUP,8,Pembukuan,,,Tue Feb 18 2020 09:45:43 GMT+0800 (HKT),Tue Feb 18 2020 09:48:42 GMT+0800 (HKT),document,0,1rCoTWm4IcL6dDxAHCjPV2uAmA-fo2nm1QWm2_AynC9w,https://docs.google.com/document/d/1rCoTWm4IcL6dDxAHCjPV2uAmA-fo2nm1QWm2_AynC9w/edit?usp=drivesdk
1,Pasal 16 KUP : Pembetulan STP Surat Ketetapan Keputusan Pajak,,KUP,7,"Banding, Gugatan, dan Peninjauan Kembali",,,Tue Feb 18 2020 09:26:24 GMT+0800 (HKT),Thu Feb 20 2020 09:54:18 GMT+0800 (HKT),document,0,16_sKccsdiAF8ws7Yzfow3GC7YXelLCZuGZReB7-DJRc,https://docs.google.com/document/d/16_sKccsdiAF8ws7Yzfow3GC7YXelLCZuGZReB7-DJRc/edit?usp=drivesdk
2,Gugatan,,KUP,7,"Banding, Gugatan, dan Peninjauan Kembali",,,Tue Feb 18 2020 09:26:31 GMT+0800 (HKT),Tue Feb 18 2020 09:35:08 GMT+0800 (HKT),document,0,1lJE-ipbltznaiXYLGu--006cmF9F0FmCdxljUlVQIJw,https://docs.google.com/document/d/1lJE-ipbltznaiXYLGu--006cmF9F0FmCdxljUlVQIJw/edit?usp=drivesdk
3,Pasal 27 UU KUP : Banding,,KUP,7,"Banding, Gugatan, dan Peninjauan Kembali",,,Tue Feb 18 2020 09:26:16 GMT+0800 (HKT),Tue Feb 18 2020 09:35:07 GMT+0800 (HKT),document,0,1jBszMmdPImTGdpOalUcmY3Z2AEGTT9A6Elye5P7NG7M,https://docs.google.com/document/d/1jBszMmdPImTGdpOalUcmY3Z2AEGTT9A6Elye5P7NG7M/edit?usp=drivesdk
4,Peninjauan Kembali,,KUP,7,"Banding, Gugatan, dan Peninjauan Kembali",,,Tue Feb 18 2020 09:25:01 GMT+0800 (HKT),Tue Feb 18 2020 09:25:13 GMT+0800 (HKT),document,0,1nIrysXd25X24pvRGSEDOCdi5fn2k5Xm1NZTe2PKpGWs,https://docs.google.com/document/d/1nIrysXd25X24pvRGSEDOCdi5fn2k5Xm1NZTe2PKpGWs/edit?usp=drivesdk
9,Pengurangan Sanksi Administrasi dalam SKP SKP PBB dan atau STP yang diterbitkan pada tahun 2015,,KUP,7,"Banding, Gugatan, dan Peninjauan Kembali",1,Pasal 36 UU KUP,Tue Feb 18 2020 09:25:54 GMT+0800 (HKT),Thu Feb 20 2020 09:54:55 GMT+0800 (HKT),document,0,1M8H63fNe3fJ0oEfckeMzMIQQuRgvh6bw2-bU99_SVaU,https://docs.google.com/document/d/1M8H63fNe3fJ0oEfckeMzMIQQuRgvh6bw2-bU99_SVaU/edit?usp=drivesdk
2,Ketentuan terkait Pasal 36 UU KUP Sejak 1 Maret 2013,,KUP,7,"Banding, Gugatan, dan Peninjauan Kembali",1,Pasal 36 UU KUP,Tue Feb 18 2020 09:24:49 GMT+0800 (HKT),Tue Feb 18 2020 09:37:44 GMT+0800 (HKT),document,0,1y0MMaUhvpaPotmRk2caCBFXmRUaSygVJBBP48sPk1A8,https://docs.google.com/document/d/1y0MMaUhvpaPotmRk2caCBFXmRUaSygVJBBP48sPk1A8/edit?usp=drivesdk
7,Penghapusan Sanksi Administrasi Bunga Pasal 19 ayat (1) UU KUP,,KUP,7,"Banding, Gugatan, dan Peninjauan Kembali",1,Pasal 36 UU KUP,Tue Feb 18 2020 09:26:10 GMT+0800 (HKT),Tue Feb 18 2020 09:37:43 GMT+0800 (HKT),document,0,1kLsvc_-Z_IJrXatfDAA0yfOnd-LfzSmlx9cvzeCmT8s,https://docs.google.com/document/d/1kLsvc_-Z_IJrXatfDAA0yfOnd-LfzSmlx9cvzeCmT8s/edit?usp=drivesdk
4,Pengurangan atau Pembatalan SKP yang Tidak Benar,,KUP,7,"Banding, Gugatan, dan Peninjauan Kembali",1,Pasal 36 UU KUP,Tue Feb 18 2020 09:26:02 GMT+0800 (HKT),Tue Feb 18 2020 09:37:40 GMT+0800 (HKT),document,0,1f3TR1q3Kw3T-5Ly4IV-t3y8crxnsWKz5TYHvy25VAns,https://docs.google.com/document/d/1f3TR1q3Kw3T-5Ly4IV-t3y8crxnsWKz5TYHvy25VAns/edit?usp=drivesdk
5,Pengurangan atau Pembatalan STP yang Tidak Benar,,KUP,7,"Banding, Gugatan, dan Peninjauan Kembali",1,Pasal 36 UU KUP,Tue Feb 18 2020 09:25:39 GMT+0800 (HKT),Tue Feb 18 2020 09:37:38 GMT+0800 (HKT),document,0,1NFdbUBbn9PTQJ4A-zkkwmI6t1nrfY8VjiDlWwfPPX2g,https://docs.google.com/document/d/1NFdbUBbn9PTQJ4A-zkkwmI6t1nrfY8VjiDlWwfPPX2g/edit?usp=drivesdk
3,Pengurangan Atau Penghapusan Sanksi Administrasi Pada SKP dan STP,,KUP,7,"Banding, Gugatan, dan Peninjauan Kembali",1,Pasal 36 UU KUP,Tue Feb 18 2020 09:25:24 GMT+0800 (HKT),Tue Feb 18 2020 09:37:37 GMT+0800 (HKT),document,0,1fcW4TDIUB8UJsXV0LnZtRsGVg82aPRs4sy4ouxsbI9I,https://docs.google.com/document/d/1fcW4TDIUB8UJsXV0LnZtRsGVg82aPRs4sy4ouxsbI9I/edit?usp=drivesdk
8,Pengurangan Atau Penghapusan Sanksi Administrasi Atas SPT,,KUP,7,"Banding, Gugatan, dan Peninjauan Kembali",1,Pasal 36 UU KUP,Tue Feb 18 2020 09:24:41 GMT+0800 (HKT),Tue Feb 18 2020 09:37:36 GMT+0800 (HKT),document,0,153S4JNj3jdsKETj_EBQvE30ypmcAiFoc59zMPzbeQwU,https://docs.google.com/document/d/153S4JNj3jdsKETj_EBQvE30ypmcAiFoc59zMPzbeQwU/edit?usp=drivesdk
6,permohonan pembatalan SKP hasil pemeriksaan atau verifikasi,,KUP,7,"Banding, Gugatan, dan Peninjauan Kembali",1,Pasal 36 UU KUP,Tue Feb 18 2020 09:25:14 GMT+0800 (HKT),Tue Feb 18 2020 09:25:23 GMT+0800 (HKT),document,0,1JNyQ0HxOYLx7tKOQHYKDEbti5ZeMmocYoINdDe6mDGg,https://docs.google.com/document/d/1JNyQ0HxOYLx7tKOQHYKDEbti5ZeMmocYoINdDe6mDGg/edit?usp=drivesdk
1,Keberatan,,KUP,6,Keberatan,,,Tue Feb 18 2020 09:15:46 GMT+0800 (HKT),Tue Feb 18 2020 09:23:32 GMT+0800 (HKT),document,0,1yseivm1_-YTfDMh-THdOD610VuKhvYJRchfiyG4pd7U,https://docs.google.com/document/d/1yseivm1_-YTfDMh-THdOD610VuKhvYJRchfiyG4pd7U/edit?usp=drivesdk
2,Penagihan Pajak,,KUP,5,Penagihan Pajak,,,Tue Feb 18 2020 08:56:42 GMT+0800 (HKT),Tue Feb 18 2020 09:00:06 GMT+0800 (HKT),document,0,18gWirIPnEDbrrgjENjytYQGWmONufucYeP5T09rqURk,https://docs.google.com/document/d/18gWirIPnEDbrrgjENjytYQGWmONufucYeP5T09rqURk/edit?usp=drivesdk
2,Ketentuan terkait Penagihan pajak,,KUP,5,Penagihan Pajak,,,Tue Feb 18 2020 08:56:36 GMT+0800 (HKT),Tue Feb 18 2020 08:59:57 GMT+0800 (HKT),document,0,1FnPx2eqIvGodnTE8TCyrjyI71AsBuAI8mNDQJxvS-tU,https://docs.google.com/document/d/1FnPx2eqIvGodnTE8TCyrjyI71AsBuAI8mNDQJxvS-tU/edit?usp=drivesdk
1,Jadwal Waktu Penagihan Pajak,,KUP,5,Penagihan Pajak,,,Tue Feb 18 2020 08:56:48 GMT+0800 (HKT),Tue Feb 18 2020 08:59:51 GMT+0800 (HKT),document,0,1khY4ADQBdaSdex9xqCqAfdoZ3xu5Gqr-rtEtJO0FJa8,https://docs.google.com/document/d/1khY4ADQBdaSdex9xqCqAfdoZ3xu5Gqr-rtEtJO0FJa8/edit?usp=drivesdk
4,kode MAP SSBP untuk biaya pelaksanaan SP SPMP Pengumuman Lelang dan Pembatalan lelang,,KUP,4,Pembayaran atau Penyetoran,,,Mon Feb 17 2020 16:38:09 GMT+0800 (HKT),Thu Feb 20 2020 09:56:32 GMT+0800 (HKT),document,0,1HO3FL6CktS7_DlrKa91pc0fOTQXgAo1B2yZzGAijLq8,https://docs.google.com/document/d/1HO3FL6CktS7_DlrKa91pc0fOTQXgAo1B2yZzGAijLq8/edit?usp=drivesdk
7,Tabel Kode Ketetapan per Jenis Pajak (Kode SKP STP),,KUP,4,Pembayaran atau Penyetoran,,,Mon Feb 17 2020 16:37:36 GMT+0800 (HKT),Thu Feb 20 2020 09:55:22 GMT+0800 (HKT),document,0,1m-H9nscBK34SJ2H6Nj2Xzy4zYq8NtlnEuNnrd38a6WQ,https://docs.google.com/document/d/1m-H9nscBK34SJ2H6Nj2Xzy4zYq8NtlnEuNnrd38a6WQ/edit?usp=drivesdk
6,Jangka Waktu Pembayaran Pajak dan Jangka Waktu Pelunasan STP SKPKB SKPKBT dll,,KUP,4,Pembayaran atau Penyetoran,,,Mon Feb 17 2020 16:37:29 GMT+0800 (HKT),Thu Feb 20 2020 09:53:13 GMT+0800 (HKT),document,0,1J1MwEnAFFfbDjtVmslefAiv03kCzhAFCh6DK617mi7M,https://docs.google.com/document/d/1J1MwEnAFFfbDjtVmslefAiv03kCzhAFCh6DK617mi7M/edit?usp=drivesdk
12,Sistem Pembayaran Pajak secara Elektronik (Billing System) (Ketentuan sejak 4 April 2017),,KUP,4,Pembayaran atau Penyetoran,,,Mon Feb 17 2020 16:37:52 GMT+0800 (HKT),Tue Feb 18 2020 08:44:24 GMT+0800 (HKT),document,0,1cqwsJvFm6Zgvpk4V1lMzvL2SGwaMrHuReV1L98ok_vU,https://docs.google.com/document/d/1cqwsJvFm6Zgvpk4V1lMzvL2SGwaMrHuReV1L98ok_vU/edit?usp=drivesdk
11,Sistem Pembayaran Pajak secara Elektronik (Billing System) (Ketentuan sejak 13 Oktober 2014),,KUP,4,Pembayaran atau Penyetoran,,,Mon Feb 17 2020 16:37:43 GMT+0800 (HKT),Tue Feb 18 2020 08:44:16 GMT+0800 (HKT),document,0,1sSmzwV5KOxAZvQbWi-N0ujtixCRbH_Zh63I1wneIGzc,https://docs.google.com/document/d/1sSmzwV5KOxAZvQbWi-N0ujtixCRbH_Zh63I1wneIGzc/edit?usp=drivesdk
10,penundaan pembayaran PPh pasal 29 tahun 2013 bagi WP industri tertentu,,KUP,4,Pembayaran atau Penyetoran,,,Mon Feb 17 2020 16:38:17 GMT+0800 (HKT),Tue Feb 18 2020 08:44:07 GMT+0800 (HKT),document,0,1MTt8FDZHwks1ZkTkbsTaXvjQ541BHawVfiol5gvqXHI,https://docs.google.com/document/d/1MTt8FDZHwks1ZkTkbsTaXvjQ541BHawVfiol5gvqXHI/edit?usp=drivesdk
9,3Tabel Kode MAP dan KJS Lengkap,,KUP,4,Pembayaran atau Penyetoran,,,Mon Feb 17 2020 16:38:24 GMT+0800 (HKT),Tue Feb 18 2020 08:44:00 GMT+0800 (HKT),document,0,1bJA4ygXU68x5trxogMMMBTK0JpT62R63hsntZTGKEgQ,https://docs.google.com/document/d/1bJA4ygXU68x5trxogMMMBTK0JpT62R63hsntZTGKEgQ/edit?usp=drivesdk
8,Tabel Kode MAP dan KJS Lengkap,,KUP,4,Pembayaran atau Penyetoran,,,Mon Feb 17 2020 16:36:59 GMT+0800 (HKT),Tue Feb 18 2020 08:43:53 GMT+0800 (HKT),spreadsheet,0,1E3QhBXyC63mq_O7cBUbPlGkVktz549xUNf1AExWlOw0,https://docs.google.com/spreadsheets/d/1E3QhBXyC63mq_O7cBUbPlGkVktz549xUNf1AExWlOw0/edit?usp=drivesdk
5,Biaya Penagihan Pajak,,KUP,4,Pembayaran atau Penyetoran,,,Mon Feb 17 2020 16:38:00 GMT+0800 (HKT),Tue Feb 18 2020 08:43:33 GMT+0800 (HKT),document,0,1gCspx8SxW27L-FBzrcrcU40RKxVbdnFZeTOWnJjzSvU,https://docs.google.com/document/d/1gCspx8SxW27L-FBzrcrcU40RKxVbdnFZeTOWnJjzSvU/edit?usp=drivesdk
3,Tata Cara Angsuran Dan Penundaan Pembayaran Pajak,,KUP,4,Pembayaran atau Penyetoran,,,Mon Feb 17 2020 16:37:02 GMT+0800 (HKT),Tue Feb 18 2020 08:43:16 GMT+0800 (HKT),document,0,1X0vTYINR6cgUL8WWB1dZS_tTvJ-e2tHHEUpsbklMFwk,https://docs.google.com/document/d/1X0vTYINR6cgUL8WWB1dZS_tTvJ-e2tHHEUpsbklMFwk/edit?usp=drivesdk
2,Permohonan Pemindahbukuan (Pbk),,KUP,4,Pembayaran atau Penyetoran,,,Mon Feb 17 2020 16:37:10 GMT+0800 (HKT),Tue Feb 18 2020 08:42:44 GMT+0800 (HKT),document,0,1A9Ya-nKNKix2HkFZUgkmlWEGudjCqQqxm8mSnUjQx_s,https://docs.google.com/document/d/1A9Ya-nKNKix2HkFZUgkmlWEGudjCqQqxm8mSnUjQx_s/edit?usp=drivesdk
1,Pembayaran atau Penyetoran pajak,,KUP,4,Pembayaran atau Penyetoran,,,Mon Feb 17 2020 16:37:22 GMT+0800 (HKT),Mon Feb 17 2020 17:34:35 GMT+0800 (HKT),document,0,1Dv7Xba9yaEmSSH4qrbIeLmPX6aoSUZXB4wHEmA7Ky1E,https://docs.google.com/document/d/1Dv7Xba9yaEmSSH4qrbIeLmPX6aoSUZXB4wHEmA7Ky1E/edit?usp=drivesdk
2,SPT Tahunan PPh Migas,,KUP,3,SPT,3,SPT Tahunan PPh Badan,Mon Feb 17 2020 16:22:43 GMT+0800 (HKT),Mon Feb 17 2020 16:34:27 GMT+0800 (HKT),document,0,1HjjVnKY3oa_b-Mscj9U9e8F-wwrN99QNEr29WGO8U90,https://docs.google.com/document/d/1HjjVnKY3oa_b-Mscj9U9e8F-wwrN99QNEr29WGO8U90/edit?usp=drivesdk
1,SPT Tahunan PPh Badan,,KUP,3,SPT,3,SPT Tahunan PPh Badan,Mon Feb 17 2020 16:22:30 GMT+0800 (HKT),Mon Feb 17 2020 16:34:21 GMT+0800 (HKT),document,0,1R8g0hBNcXCOH8h5Gbd5BU7ALHEGh-qt2qB-YNZm8xfE,https://docs.google.com/document/d/1R8g0hBNcXCOH8h5Gbd5BU7ALHEGh-qt2qB-YNZm8xfE/edit?usp=drivesdk
6,SPT 1111 DM sejak Masa Juni 2013,,KUP,3,SPT,6,SPT Masa PPN,Mon Feb 17 2020 16:23:10 GMT+0800 (HKT),Mon Feb 17 2020 16:32:49 GMT+0800 (HKT),document,0,1UG0i4tT_U1W2QO9gVLNDaQQeG3SmbUJV1sabL6tkRMw,https://docs.google.com/document/d/1UG0i4tT_U1W2QO9gVLNDaQQeG3SmbUJV1sabL6tkRMw/edit?usp=drivesdk
5,SPT 1111 Sejak Masa Juni 2013,,KUP,3,SPT,6,SPT Masa PPN,Mon Feb 17 2020 16:22:50 GMT+0800 (HKT),Mon Feb 17 2020 16:32:41 GMT+0800 (HKT),document,0,1k03x39ZkyMZsDIQLnp6y-3g9ZVOwKBVfC6HUSrBJjB0,https://docs.google.com/document/d/1k03x39ZkyMZsDIQLnp6y-3g9ZVOwKBVfC6HUSrBJjB0/edit?usp=drivesdk
3,Kewajiban E-SPT bagi WP di KPP Madya dan KPP di Wilayah Kanwil Jakarta Khusus dan Kanwil WP Besar,,KUP,3,SPT,6,SPT Masa PPN,Mon Feb 17 2020 16:23:04 GMT+0800 (HKT),Mon Feb 17 2020 16:30:26 GMT+0800 (HKT),document,0,1pck7jzGl9CGoElCoZUjy2r4Ii0N3EHQB9UFVhxEI1eA,https://docs.google.com/document/d/1pck7jzGl9CGoElCoZUjy2r4Ii0N3EHQB9UFVhxEI1eA/edit?usp=drivesdk
1,SPT Masa PPN sejak Masa Juli 2015,,KUP,3,SPT,6,SPT Masa PPN,Mon Feb 17 2020 16:24:00 GMT+0800 (HKT),Mon Feb 17 2020 16:30:16 GMT+0800 (HKT),document,0,1mb9gL1mszF7d3XhYoqUV4MrJ7E8xTKM0cXzFLoVxhpg,https://docs.google.com/document/d/1mb9gL1mszF7d3XhYoqUV4MrJ7E8xTKM0cXzFLoVxhpg/edit?usp=drivesdk
1,SPT Masa PPh Pasal 23 26,,KUP,3,SPT,5,SPT Masa PPh Pasal 23,Mon Feb 17 2020 16:24:33 GMT+0800 (HKT),Thu Mar 05 2020 19:12:43 GMT+0800 (HKT),document,0,1ThPdavszTHxRPN_FVJwv5nOALJeuU2Gdeg6dQK5WuvU,https://docs.google.com/document/d/1ThPdavszTHxRPN_FVJwv5nOALJeuU2Gdeg6dQK5WuvU/edit?usp=drivesdk
1,SPT Tahunan PPh OP,,KUP,3,SPT,2,SPT Tahunan PPh OP,Mon Feb 17 2020 16:24:43 GMT+0800 (HKT),Tue Feb 18 2020 11:19:52 GMT+0800 (HKT),document,0,13vI79rMRgrlESumWZ_jxGlijTCrbbIjizRqp6Lk_Ahk,https://docs.google.com/document/d/13vI79rMRgrlESumWZ_jxGlijTCrbbIjizRqp6Lk_Ahk/edit?usp=drivesdk
2,Penghasilan Tidak Kena Pajak (PTKP),,KUP,3,SPT,2,SPT Tahunan PPh OP,Mon Feb 17 2020 16:24:13 GMT+0800 (HKT),Mon Feb 17 2020 16:34:56 GMT+0800 (HKT),document,0,1-N_PJ3BShITjTHF9BVCA73gcJBOnT8_S_Nu7NZt_IMo,https://docs.google.com/document/d/1-N_PJ3BShITjTHF9BVCA73gcJBOnT8_S_Nu7NZt_IMo/edit?usp=drivesdk
2,SPT Masa PPh 21 (Ketentuan Sejak 1 Januari 2014),,KUP,3,SPT,4,SPT Masa PPh Pasal 21,Mon Feb 17 2020 16:24:57 GMT+0800 (HKT),Mon Feb 17 2020 16:29:48 GMT+0800 (HKT),document,0,1Q7Yqe6ZTGMO4ibdHTk_rMr6Pd791YcX2Gex-Qd31CJI,https://docs.google.com/document/d/1Q7Yqe6ZTGMO4ibdHTk_rMr6Pd791YcX2Gex-Qd31CJI/edit?usp=drivesdk
1,SPT Masa PPh 21 (Ketentuan Sebelum 1 Januari 2014),,KUP,3,SPT,4,SPT Masa PPh Pasal 21,Mon Feb 17 2020 16:23:41 GMT+0800 (HKT),Mon Feb 17 2020 16:29:41 GMT+0800 (HKT),document,0,11Te8N5THjwViyvutNg2XVSjw7jbldi3yuiU-6XYS4ZY,https://docs.google.com/document/d/11Te8N5THjwViyvutNg2XVSjw7jbldi3yuiU-6XYS4ZY/edit?usp=drivesdk
3,Penyampaian SPT Elektronik (e-SPT),1,KUP,3,SPT,1,Ketentuan Terkait SPT,Mon Feb 17 2020 16:24:26 GMT+0800 (HKT),Wed Mar 04 2020 10:08:46 GMT+0800 (HKT),document,0,1Cfp8LGAF8MAa66d10XFRJ6xc6RSoWiR1XXILDya6_dQ,https://docs.google.com/document/d/1Cfp8LGAF8MAa66d10XFRJ6xc6RSoWiR1XXILDya6_dQ/edit?usp=drivesdk
2,Penyampaian SPT Tahunan,1,KUP,3,SPT,1,Ketentuan Terkait SPT,Mon Feb 17 2020 16:22:24 GMT+0800 (HKT),Wed Mar 04 2020 10:08:38 GMT+0800 (HKT),document,0,1BdcHVgbUSlrtige8ifIBWjjID_zl-6fPe0P5ExdQU70,https://docs.google.com/document/d/1BdcHVgbUSlrtige8ifIBWjjID_zl-6fPe0P5ExdQU70/edit?usp=drivesdk
1,Ketentuan Umum Terkait SPT,1,KUP,3,SPT,1,Ketentuan Terkait SPT,Mon Feb 17 2020 16:23:34 GMT+0800 (HKT),Wed Mar 04 2020 10:08:29 GMT+0800 (HKT),document,0,11oMp303gjmonennB6DQUIS-GzY3ycuk92dSwvCt-Ap8,https://docs.google.com/document/d/11oMp303gjmonennB6DQUIS-GzY3ycuk92dSwvCt-Ap8/edit?usp=drivesdk
12,Penyedia Layanan SPT Elektronik,1,KUP,3,SPT,1,Ketentuan Terkait SPT,Mon Feb 17 2020 16:24:21 GMT+0800 (HKT),Wed Mar 04 2020 10:08:13 GMT+0800 (HKT),document,0,155PgC7ZmJxS_MwfCJRRmg9Tk6UV11788RqRbLWE-GA4,https://docs.google.com/document/d/155PgC7ZmJxS_MwfCJRRmg9Tk6UV11788RqRbLWE-GA4/edit?usp=drivesdk
8,Penyampaian e-SPT bagi WP KPP Madya KPP WP Besar KPP PMA KPP Badora,,KUP,3,SPT,1,Ketentuan Terkait SPT,Mon Feb 17 2020 16:23:48 GMT+0800 (HKT),Thu Feb 20 2020 09:56:59 GMT+0800 (HKT),document,0,1QA0w5kwcjAVHpVJ7eLlS9x9fDmJuDaMoHbvDeh5ZUw0,https://docs.google.com/document/d/1QA0w5kwcjAVHpVJ7eLlS9x9fDmJuDaMoHbvDeh5ZUw0/edit?usp=drivesdk
13,Laporan Per Negara (Country by Country Report),,KUP,3,SPT,1,Ketentuan Terkait SPT,Mon Feb 17 2020 16:22:17 GMT+0800 (HKT),Mon Feb 17 2020 16:29:29 GMT+0800 (HKT),document,0,1xNl3jHdoY7v4cVzkDuPwGsIK9qkrlwEAByIdeLuXih4,https://docs.google.com/document/d/1xNl3jHdoY7v4cVzkDuPwGsIK9qkrlwEAByIdeLuXih4/edit?usp=drivesdk
11,Penyedia Layanan SPT Elektronik - sebelum 20 Juni 2019,,KUP,3,SPT,1,Ketentuan Terkait SPT,Mon Feb 17 2020 16:24:06 GMT+0800 (HKT),Mon Feb 17 2020 16:29:11 GMT+0800 (HKT),document,0,1rAjtjyPvIcVeT6AuCOKF2nWcseGGTjlYWzRPGr76n4w,https://docs.google.com/document/d/1rAjtjyPvIcVeT6AuCOKF2nWcseGGTjlYWzRPGr76n4w/edit?usp=drivesdk
10,Pengungkapan ketidakbenaran Pengisian SPT & Pengungkapan Ketidakbenaran Perbuatan WP,,KUP,3,SPT,1,Ketentuan Terkait SPT,Mon Feb 17 2020 16:24:51 GMT+0800 (HKT),Mon Feb 17 2020 16:29:03 GMT+0800 (HKT),document,0,1qlSPyz9HfyvyCpTP1oXhsmn5fwPxq99NjDruZ3Pas2E,https://docs.google.com/document/d/1qlSPyz9HfyvyCpTP1oXhsmn5fwPxq99NjDruZ3Pas2E/edit?usp=drivesdk
9,Pembetulan SPT,,KUP,3,SPT,1,Ketentuan Terkait SPT,Mon Feb 17 2020 16:25:05 GMT+0800 (HKT),Mon Feb 17 2020 16:28:52 GMT+0800 (HKT),document,0,12rnrWJugMRSWhas2uRUfv1hOL__PSRmwUmCARKEcTOY,https://docs.google.com/document/d/12rnrWJugMRSWhas2uRUfv1hOL__PSRmwUmCARKEcTOY/edit?usp=drivesdk
7,Perpanjangan Penyampaian SPT Tahunan,,KUP,3,SPT,1,Ketentuan Terkait SPT,Mon Feb 17 2020 16:23:17 GMT+0800 (HKT),Mon Feb 17 2020 16:28:36 GMT+0800 (HKT),document,0,112wjgxJFGtC1v6EH9DIg3O9n6aqk4gsM7VQs7N9Dhtw,https://docs.google.com/document/d/112wjgxJFGtC1v6EH9DIg3O9n6aqk4gsM7VQs7N9Dhtw/edit?usp=drivesdk
6,Pengangsuran dan Penundaan pembayaran SPT Tahunan PPh,,KUP,3,SPT,1,Ketentuan Terkait SPT,Mon Feb 17 2020 16:22:57 GMT+0800 (HKT),Mon Feb 17 2020 16:28:02 GMT+0800 (HKT),document,0,10z0O79G0R3l3mfOCJHc1S3mzNAkAGOXlb6RNwexvp4Y,https://docs.google.com/document/d/10z0O79G0R3l3mfOCJHc1S3mzNAkAGOXlb6RNwexvp4Y/edit?usp=drivesdk
5,Sanksi Keterlambatan Pembayaran dan Pelaporan SPT,,KUP,3,SPT,1,Ketentuan Terkait SPT,Mon Feb 17 2020 16:22:37 GMT+0800 (HKT),Mon Feb 17 2020 16:27:54 GMT+0800 (HKT),document,0,1qOgaKFCegO7a7Nw7QkMupU0ExK2J_VuS9xIVf6QiVkk,https://docs.google.com/document/d/1qOgaKFCegO7a7Nw7QkMupU0ExK2J_VuS9xIVf6QiVkk/edit?usp=drivesdk
4,"Batas Waktu Pembayaran, Penyetoran, Penyampaian SPT, dan Sanksi Keterlambatan",,KUP,3,SPT,1,Ketentuan Terkait SPT,Mon Feb 17 2020 16:23:25 GMT+0800 (HKT),Mon Feb 17 2020 16:27:45 GMT+0800 (HKT),document,0,1VDbIj9ll4v08XdA16uqBsyto9azMcnh9WObOFlYJI7Q,https://docs.google.com/document/d/1VDbIj9ll4v08XdA16uqBsyto9azMcnh9WObOFlYJI7Q/edit?usp=drivesdk
1,Ketentuan Umum terkait NPWP,1,KUP,2,NPWP dan PKP,,,Mon Feb 17 2020 15:17:54 GMT+0800 (HKT),Wed Mar 04 2020 10:06:17 GMT+0800 (HKT),document,0,1lYz1ALKWWlDRWx0PV1lN-64t5e8Zi3_9N8QIGNwb9DE,https://docs.google.com/document/d/1lYz1ALKWWlDRWx0PV1lN-64t5e8Zi3_9N8QIGNwb9DE/edit?usp=drivesdk
9,Pencabutan Pengukuhan PKP secara Jabatan atas Pengusaha Kecil 2014,1,KUP,2,NPWP dan PKP,1,Ketentuan setelah 30 Mei 2013,Mon Feb 17 2020 15:19:53 GMT+0800 (HKT),Wed Mar 04 2020 10:04:12 GMT+0800 (HKT),document,0,1gnDZyAlA_yOwA76UPgY-KWi8CQ0RClTfNHQttdySvyw,https://docs.google.com/document/d/1gnDZyAlA_yOwA76UPgY-KWi8CQ0RClTfNHQttdySvyw/edit?usp=drivesdk
8,Penetapan WP Sebagai WP Non Efektif,1,KUP,2,NPWP dan PKP,1,Ketentuan setelah 30 Mei 2013,Mon Feb 17 2020 15:19:53 GMT+0800 (HKT),Wed Mar 04 2020 10:04:01 GMT+0800 (HKT),document,0,1a952cIYvZ8ED0vh7bCj4kLS9cgLnV__Yp9YT4gWCzbg,https://docs.google.com/document/d/1a952cIYvZ8ED0vh7bCj4kLS9cgLnV__Yp9YT4gWCzbg/edit?usp=drivesdk
7,Pemindahan WP,1,KUP,2,NPWP dan PKP,1,Ketentuan setelah 30 Mei 2013,Mon Feb 17 2020 15:19:53 GMT+0800 (HKT),Wed Mar 04 2020 10:03:52 GMT+0800 (HKT),document,0,1k1XMr409M1bGalTVu_IuZi9IDeiryWU8HLvW7H450XE,https://docs.google.com/document/d/1k1XMr409M1bGalTVu_IuZi9IDeiryWU8HLvW7H450XE/edit?usp=drivesdk
6,Perubahan Data WP Dan_Atau PKP,1,KUP,2,NPWP dan PKP,1,Ketentuan setelah 30 Mei 2013,Mon Feb 17 2020 15:19:53 GMT+0800 (HKT),Wed Mar 04 2020 10:03:37 GMT+0800 (HKT),document,0,1sR8wReapDpIkr3iRxY41mLKNb96_1o_naK2nK3j2H7A,https://docs.google.com/document/d/1sR8wReapDpIkr3iRxY41mLKNb96_1o_naK2nK3j2H7A/edit?usp=drivesdk
5,Pencabutan Pengukuhan PKP,1,KUP,2,NPWP dan PKP,1,Ketentuan setelah 30 Mei 2013,Mon Feb 17 2020 15:19:53 GMT+0800 (HKT),Wed Mar 04 2020 10:02:31 GMT+0800 (HKT),document,0,1nRNdJvWzduMPVOcqIJPygz7GP_kPijJUY1vyaq06gzE,https://docs.google.com/document/d/1nRNdJvWzduMPVOcqIJPygz7GP_kPijJUY1vyaq06gzE/edit?usp=drivesdk
4,Pengukuhan PKP,1,KUP,2,NPWP dan PKP,1,Ketentuan setelah 30 Mei 2013,Mon Feb 17 2020 15:19:53 GMT+0800 (HKT),Wed Mar 04 2020 10:02:11 GMT+0800 (HKT),document,0,1IgCXrKSulAQ9L6H7zHE3r-f38qhFKKvatghj3YCgf9w,https://docs.google.com/document/d/1IgCXrKSulAQ9L6H7zHE3r-f38qhFKKvatghj3YCgf9w/edit?usp=drivesdk
3,Penghapusan NPWP,1,KUP,2,NPWP dan PKP,1,Ketentuan setelah 30 Mei 2013,Mon Feb 17 2020 15:19:53 GMT+0800 (HKT),Wed Mar 04 2020 10:02:02 GMT+0800 (HKT),document,0,1Tl9C3-lHYGQTQhry958j0-dtrrdvU_jjN-mO9fPrjoo,https://docs.google.com/document/d/1Tl9C3-lHYGQTQhry958j0-dtrrdvU_jjN-mO9fPrjoo/edit?usp=drivesdk
2,Pendaftaran NPWP,1,KUP,2,NPWP dan PKP,1,Ketentuan setelah 30 Mei 2013,Mon Feb 17 2020 15:19:53 GMT+0800 (HKT),Wed Mar 04 2020 10:01:50 GMT+0800 (HKT),document,0,1WbL9xezKJnPnesxJ0IetKsZY3KA7UVKkcA3Se3rPzOc,https://docs.google.com/document/d/1WbL9xezKJnPnesxJ0IetKsZY3KA7UVKkcA3Se3rPzOc/edit?usp=drivesdk
1,NPWP bagi Wanita Kawin,1,KUP,2,NPWP dan PKP,1,Ketentuan setelah 30 Mei 2013,Mon Feb 17 2020 15:19:53 GMT+0800 (HKT),Wed Mar 04 2020 10:01:41 GMT+0800 (HKT),document,0,1xC4tJl0gv9zkh1CGRbEzNqYKywAWKF37njMWT-Y2YMg,https://docs.google.com/document/d/1xC4tJl0gv9zkh1CGRbEzNqYKywAWKF37njMWT-Y2YMg/edit?usp=drivesdk
3,Pencabutan PKP,1,KUP,2,NPWP dan PKP,3,Ketentuan Sejak 30 September 2015,Mon Feb 17 2020 15:21:46 GMT+0800 (HKT),Wed Mar 04 2020 10:05:04 GMT+0800 (HKT),document,0,1CwN6GqElUyvFNHDBlwKTGroT243gKq1vBtfTpeSvLTQ,https://docs.google.com/document/d/1CwN6GqElUyvFNHDBlwKTGroT243gKq1vBtfTpeSvLTQ/edit?usp=drivesdk
2,Penghapusan NPWP,1,KUP,2,NPWP dan PKP,3,Ketentuan Sejak 30 September 2015,Mon Feb 17 2020 15:21:46 GMT+0800 (HKT),Wed Mar 04 2020 10:04:58 GMT+0800 (HKT),document,0,1Onc91UFrLgcQ00eKmiff13fKm40K1cQ8WU47g5TUwxM,https://docs.google.com/document/d/1Onc91UFrLgcQ00eKmiff13fKm40K1cQ8WU47g5TUwxM/edit?usp=drivesdk
1,Pendaftaran NPWP dan Pengukuhan PKP,1,KUP,2,NPWP dan PKP,3,Ketentuan Sejak 30 September 2015,Mon Feb 17 2020 15:21:46 GMT+0800 (HKT),Wed Mar 04 2020 10:04:44 GMT+0800 (HKT),document,0,1aEBfznoN7hsqspHMLahacIvFewZF71rvBFLjHEQ0TIs,https://docs.google.com/document/d/1aEBfznoN7hsqspHMLahacIvFewZF71rvBFLjHEQ0TIs/edit?usp=drivesdk
2,Penghapusan NPWP,1,KUP,2,NPWP dan PKP,4,Ketentuan Sejak 1 November 2017,Mon Feb 17 2020 15:23:02 GMT+0800 (HKT),Wed Mar 04 2020 10:04:32 GMT+0800 (HKT),document,0,1ZQnT37x5UK0a2uPKSmgE2nJWHaMFrw5KX0HyezIM8jo,https://docs.google.com/document/d/1ZQnT37x5UK0a2uPKSmgE2nJWHaMFrw5KX0HyezIM8jo/edit?usp=drivesdk
1,Pendaftaran NPWP dan Pengukuhan PKP,1,KUP,2,NPWP dan PKP,4,Ketentuan Sejak 1 November 2017,Mon Feb 17 2020 15:23:02 GMT+0800 (HKT),Wed Mar 04 2020 10:04:26 GMT+0800 (HKT),document,0,145gN51Z4irLGiDjXgwMNr92CclxWZ9Ud4hMofMkhOwM,https://docs.google.com/document/d/145gN51Z4irLGiDjXgwMNr92CclxWZ9Ud4hMofMkhOwM/edit?usp=drivesdk
11,Dokumen yang Wajib Disimpan oleh Wajib Pajak yang Melakukan Transaksi dengan Pihak Afiliasi,1,KUP,1,Umum,,,Sun Feb 16 2020 16:55:37 GMT+0800 (HKT),Fri Mar 06 2020 06:38:35 GMT+0800 (HKT),document,0,1HCmfCsithBVCnn_JY50xreldyLFpxiDmodvW-igrNzc,https://docs.google.com/document/d/1HCmfCsithBVCnn_JY50xreldyLFpxiDmodvW-igrNzc/edit?usp=drivesdk
10,Konfirmasi Status Wajib Pajak,1,KUP,1,Umum,,,Sun Feb 16 2020 16:55:37 GMT+0800 (HKT),Wed Mar 04 2020 10:00:45 GMT+0800 (HKT),document,0,1RXOZuvhpwXjlwxV_R2y-rjN8WAmzvCo-LrKspYWaJD0,https://docs.google.com/document/d/1RXOZuvhpwXjlwxV_R2y-rjN8WAmzvCo-LrKspYWaJD0/edit?usp=drivesdk
8,Jenis Pelayanan Kepada WP yang Diberikan oleh KPP dan Kanwil DJP,1,KUP,1,Umum,,,Sun Feb 16 2020 16:55:37 GMT+0800 (HKT),Wed Mar 04 2020 10:00:36 GMT+0800 (HKT),document,0,1EWRslnyV3flDq7B-mMKHql-U811ZIhsJs0KNNSl-Pb8,https://docs.google.com/document/d/1EWRslnyV3flDq7B-mMKHql-U811ZIhsJs0KNNSl-Pb8/edit?usp=drivesdk
7,Penentuan SPDN dan SPLN,1,KUP,1,Umum,,,Sun Feb 16 2020 16:55:37 GMT+0800 (HKT),Wed Mar 04 2020 09:55:19 GMT+0800 (HKT),document,0,103A_2ERA3flUOFYqn7ixMtoZgYpIfRvaAscJa3-CqGs,https://docs.google.com/document/d/103A_2ERA3flUOFYqn7ixMtoZgYpIfRvaAscJa3-CqGs/edit?usp=drivesdk
6,Surat Kuasa Khusus,1,KUP,1,Umum,,,Sun Feb 16 2020 16:55:37 GMT+0800 (HKT),Wed Mar 04 2020 09:55:03 GMT+0800 (HKT),document,0,1Af3L0l_qrMi2-gY_RJMrsdY7KaCs8Y6gzcAQlbaoHQ4,https://docs.google.com/document/d/1Af3L0l_qrMi2-gY_RJMrsdY7KaCs8Y6gzcAQlbaoHQ4/edit?usp=drivesdk
5,Permintaan Penjelasan atas Data dan atau Keterangan dan Kunjungan (Visit) kepada Wajib Pajak,1,KUP,1,Umum,,,Sun Feb 16 2020 16:55:37 GMT+0800 (HKT),Wed Mar 04 2020 09:54:46 GMT+0800 (HKT),document,0,1v7TEDP-YeUNyDk31YeU1aPPM6U5bgHAgmZFhhsNvDWs,https://docs.google.com/document/d/1v7TEDP-YeUNyDk31YeU1aPPM6U5bgHAgmZFhhsNvDWs/edit?usp=drivesdk
4,Surat Keterangan Fiskal,1,KUP,1,Umum,,,Sun Feb 16 2020 16:55:37 GMT+0800 (HKT),Wed Mar 04 2020 09:54:22 GMT+0800 (HKT),document,0,1SLzz2P6KAWveORmXSgU-mfqtVZvW-3czrSK_XFNkOhg,https://docs.google.com/document/d/1SLzz2P6KAWveORmXSgU-mfqtVZvW-3czrSK_XFNkOhg/edit?usp=drivesdk
3,DJPOnline,1,KUP,1,Umum,,,Sun Feb 16 2020 16:55:37 GMT+0800 (HKT),Wed Mar 04 2020 09:53:51 GMT+0800 (HKT),document,0,1xncNXfuHFVDzP9zsu3WLCpECmAss95vC-Hf7wZRPs-c,https://docs.google.com/document/d/1xncNXfuHFVDzP9zsu3WLCpECmAss95vC-Hf7wZRPs-c/edit?usp=drivesdk
2,KLU,1,KUP,1,Umum,,,Sun Feb 16 2020 16:54:27 GMT+0800 (HKT),Wed Mar 04 2020 09:53:10 GMT+0800 (HKT),document,0,1EVw-TjsEq6GkCPNAeeymWGc2HH-yWG7An99qBagERUU,https://docs.google.com/document/d/1EVw-TjsEq6GkCPNAeeymWGc2HH-yWG7An99qBagERUU/edit?usp=drivesdk
1,Saat Dimulainya Kewajiban Perpajakan,1,KUP,1,Umum,,,Sun Feb 16 2020 16:53:27 GMT+0800 (HKT),Wed Mar 04 2020 09:53:05 GMT+0800 (HKT),document,0,11FCfLQlQEKa5gdF3Hhw2abXG5zW9QhAm2f1PMLKKoiM,https://docs.google.com/document/d/11FCfLQlQEKa5gdF3Hhw2abXG5zW9QhAm2f1PMLKKoiM/edit?usp=drivesdk
12,Wakil Wajib Pajak,png,KUP,1,Umum,,,Sun Feb 16 2020 16:57:48 GMT+0800 (HKT),Tue Feb 18 2020 14:29:43 GMT+0800 (HKT),image/png,467673,1XKyxltayqXa7Qw9mdXXbM-FaUSRM7vvU,https://drive.google.com/file/d/1XKyxltayqXa7Qw9mdXXbM-FaUSRM7vvU/view?usp=drivesdk
13,SKUP-05 Hak & Kewajiban WP OP,pptx,KUP,1,Umum,,,Mon Feb 17 2020 09:39:49 GMT+0800 (HKT),Tue Feb 18 2020 08:47:25 GMT+0800 (HKT),application/vnd.openxmlformats-officedocument.presentationml.presentation,17788954,183iaciKnsjoCpJflWi1Tj8PTtTCQZg4T,https://drive.google.com/file/d/183iaciKnsjoCpJflWi1Tj8PTtTCQZg4T/view?usp=drivesdk