P#,Document,Extension,Jenis,SortCategory,Category,SortTopic,Topic,Date,LastUpdated,MIME Type,Size,ID,url
4,"Fasilitas Pengurangan Pajak Penghasilan Badan Dalam Rangka Penyelenggaraan Kegiatan Praktik Kerja, Pemagangan, dan/atau Pembelajaran",,PPh,18,Fasilitas dibidang PPh,,,Wed Feb 19 2020 16:19:51 GMT+0800 (HKT),Wed Feb 19 2020 16:20:05 GMT+0800 (HKT),document,Fri Dec 29 1899 23:54:17 GMT+0800 (HKT),154C-9PW7wDK59LDRFwDqNyhxJQL1WHs4F2o6YyO8J_8,https://docs.google.com/document/d/154C-9PW7wDK59LDRFwDqNyhxJQL1WHs4F2o6YyO8J_8/edit?usp=drivesdk
3,Fasilitas Pengurangan Pajak Penghasilan Badan Dalam Rangka Penanaman Modal Baru Industri Pionir,,PPh,18,Fasilitas dibidang PPh,,,Wed Feb 19 2020 16:19:44 GMT+0800 (HKT),Wed Feb 19 2020 16:19:59 GMT+0800 (HKT),document,Fri Dec 29 1899 23:54:17 GMT+0800 (HKT),1fCn1z3Vvdq5LFQFK6GXLt78UvfWq8BCSLP4ZUOSVWZY,https://docs.google.com/document/d/1fCn1z3Vvdq5LFQFK6GXLt78UvfWq8BCSLP4ZUOSVWZY/edit?usp=drivesdk
2,Fasilitas PPh untuk Penanaman Modal di Bidang Usaha Tertentu dan/atau Daerah tertentu,,PPh,18,Fasilitas dibidang PPh,,,Wed Feb 19 2020 16:19:35 GMT+0800 (HKT),Wed Feb 19 2020 16:19:52 GMT+0800 (HKT),document,Fri Dec 29 1899 23:54:17 GMT+0800 (HKT),1RCFJu5vpy5_5IhC11Fb0flnLetezotXDXqpEapOthc4,https://docs.google.com/document/d/1RCFJu5vpy5_5IhC11Fb0flnLetezotXDXqpEapOthc4/edit?usp=drivesdk
1,Penurunan tarif PPh Bagi WPDN berbentuk Perseroan Terbuka,,PPh,18,Fasilitas dibidang PPh,,,Wed Feb 19 2020 16:19:28 GMT+0800 (HKT),Wed Feb 19 2020 16:19:42 GMT+0800 (HKT),document,Fri Dec 29 1899 23:54:17 GMT+0800 (HKT),16ZGDa5q2XIdbsv4eX7W-Wqeg4SCzJpip5-xyp88pRjQ,https://docs.google.com/document/d/16ZGDa5q2XIdbsv4eX7W-Wqeg4SCzJpip5-xyp88pRjQ/edit?usp=drivesdk
1,Terjadinya Hubungan Istimewa,,PPh,17,Hubungan Istimewa,,,Wed Feb 19 2020 16:17:59 GMT+0800 (HKT),Wed Feb 19 2020 16:18:13 GMT+0800 (HKT),document,Fri Dec 29 1899 23:54:17 GMT+0800 (HKT),1hfwTvyS_4luYmKW0ibKmNQmyJrr2QqUg77GfPvuHVrM,https://docs.google.com/document/d/1hfwTvyS_4luYmKW0ibKmNQmyJrr2QqUg77GfPvuHVrM/edit?usp=drivesdk
1,BUT dalam UU PPh,,PPh,16,BUT,,,Wed Feb 19 2020 16:16:57 GMT+0800 (HKT),Thu Feb 20 2020 15:19:46 GMT+0800 (HKT),document,Fri Dec 29 1899 23:54:17 GMT+0800 (HKT),1s9mOtu6QhZ1uhrnjkLk0qmIqa7e5VZTaY1xfFsoEMN8,https://docs.google.com/document/d/1s9mOtu6QhZ1uhrnjkLk0qmIqa7e5VZTaY1xfFsoEMN8/edit?usp=drivesdk
3,Objek Pajak BUT dan Branch Profit Tax,,PPh,16,BUT,,,Wed Feb 19 2020 16:17:12 GMT+0800 (HKT),Wed Feb 19 2020 16:17:25 GMT+0800 (HKT),document,Fri Dec 29 1899 23:54:17 GMT+0800 (HKT),1IRv_rBdXDc4KojAi5eSpW4eK5J77nOTz35Q88llixas,https://docs.google.com/document/d/1IRv_rBdXDc4KojAi5eSpW4eK5J77nOTz35Q88llixas/edit?usp=drivesdk
4,Biaya BUT yang boleh / tidak boleh dikurangkan,,PPh,16,BUT,,,Wed Feb 19 2020 16:17:18 GMT+0800 (HKT),Wed Feb 19 2020 16:17:22 GMT+0800 (HKT),document,Fri Dec 29 1899 23:54:17 GMT+0800 (HKT),1vo-iaofJLywNZnfj5nTNBrZGPqsVW5JQD_o1dRklZfc,https://docs.google.com/document/d/1vo-iaofJLywNZnfj5nTNBrZGPqsVW5JQD_o1dRklZfc/edit?usp=drivesdk
2,BUT dalam P3B,,PPh,16,BUT,,,Wed Feb 19 2020 16:17:03 GMT+0800 (HKT),Wed Feb 19 2020 16:17:18 GMT+0800 (HKT),document,Fri Dec 29 1899 23:54:17 GMT+0800 (HKT),1QJesec-qCS0NobWHFxza1cy4GH65RQkkrxEDFfLTrQs,https://docs.google.com/document/d/1QJesec-qCS0NobWHFxza1cy4GH65RQkkrxEDFfLTrQs/edit?usp=drivesdk
10,"DGT 3, DGT 4, dan DGT 5 (Ketentuan ini Sudah dicabut sejak 30 Mei 2013)",,PPh,15,PPh Pasal 26,,,Wed Feb 19 2020 16:15:06 GMT+0800 (HKT),Wed Feb 19 2020 16:15:21 GMT+0800 (HKT),document,Fri Dec 29 1899 23:54:17 GMT+0800 (HKT),15yufFrlBnaSBBBzih0PI-bXEHCxhTMXiKbq2yGfxGss,https://docs.google.com/document/d/15yufFrlBnaSBBBzih0PI-bXEHCxhTMXiKbq2yGfxGss/edit?usp=drivesdk
9,Pencegahan Penyalahgunaan P3B (Ketentuan ini dicabut sejak 1 Agustus 2017),,PPh,15,PPh Pasal 26,,,Wed Feb 19 2020 16:14:57 GMT+0800 (HKT),Wed Feb 19 2020 16:15:11 GMT+0800 (HKT),document,Fri Dec 29 1899 23:54:17 GMT+0800 (HKT),16A9bQG8urAc_MwTBktQl22fI-Bt9GMUMjei7nmx6hQ4,https://docs.google.com/document/d/16A9bQG8urAc_MwTBktQl22fI-Bt9GMUMjei7nmx6hQ4/edit?usp=drivesdk
8,DGT 1 dan DGT 2 (Ketentuan ini sudah dicabut sejak 1 Agustus 2017),,PPh,15,PPh Pasal 26,,,Wed Feb 19 2020 16:14:49 GMT+0800 (HKT),Wed Feb 19 2020 16:15:03 GMT+0800 (HKT),document,Fri Dec 29 1899 23:54:17 GMT+0800 (HKT),1-383pxq1iausHPDZ8UN60dFpDlt9BHa0Rk9p2IVuXpc,https://docs.google.com/document/d/1-383pxq1iausHPDZ8UN60dFpDlt9BHa0Rk9p2IVuXpc/edit?usp=drivesdk
7,Surat Keterangan Domisili (DGT 6 dan DGT 7) bagi SPDN Indonesia dalam rangka P3B (Ketentuan Sebelum 12 Mei 2017),,PPh,15,PPh Pasal 26,,,Wed Feb 19 2020 16:14:42 GMT+0800 (HKT),Wed Feb 19 2020 16:14:57 GMT+0800 (HKT),document,Fri Dec 29 1899 23:54:17 GMT+0800 (HKT),1qMP-kMOm_LKN9fNPpUIuphnJeExPHhFkEH6G4Vc8t4Y,https://docs.google.com/document/d/1qMP-kMOm_LKN9fNPpUIuphnJeExPHhFkEH6G4Vc8t4Y/edit?usp=drivesdk
6,Perlakuan PPh Vs Perjanjian Internasional,,PPh,15,PPh Pasal 26,,,Wed Feb 19 2020 16:14:36 GMT+0800 (HKT),Wed Feb 19 2020 16:14:49 GMT+0800 (HKT),document,Fri Dec 29 1899 23:54:17 GMT+0800 (HKT),1JjBk14ef0jatL6hs_t5Nv1ttuadMXGy1xT2EO9RhcwA,https://docs.google.com/document/d/1JjBk14ef0jatL6hs_t5Nv1ttuadMXGy1xT2EO9RhcwA/edit?usp=drivesdk
5,Premi Asuransi dan Reasuransi yang Dibayar kepada Perusahaan Asuransi di Luar Negeri,,PPh,15,PPh Pasal 26,,,Wed Feb 19 2020 16:14:30 GMT+0800 (HKT),Wed Feb 19 2020 16:14:43 GMT+0800 (HKT),document,Fri Dec 29 1899 23:54:17 GMT+0800 (HKT),151fLp-GqCDzu2F0jbAoiAbDkPPECHxIQXtn3JQsutiw,https://docs.google.com/document/d/151fLp-GqCDzu2F0jbAoiAbDkPPECHxIQXtn3JQsutiw/edit?usp=drivesdk
4,PPh Pasal 26 atas Penjualan Saham yang Dilakukan oleh WPLN,,PPh,15,PPh Pasal 26,,,Wed Feb 19 2020 16:14:23 GMT+0800 (HKT),Wed Feb 19 2020 16:14:37 GMT+0800 (HKT),document,Fri Dec 29 1899 23:54:17 GMT+0800 (HKT),1dLtcDimlbgeUScyUgONrqNnPeODloF3Q4YUcRiXcTYU,https://docs.google.com/document/d/1dLtcDimlbgeUScyUgONrqNnPeODloF3Q4YUcRiXcTYU/edit?usp=drivesdk
3,Tabel Tarif PPh Pasal 26,,PPh,15,PPh Pasal 26,,,Wed Feb 19 2020 16:14:17 GMT+0800 (HKT),Wed Feb 19 2020 16:14:31 GMT+0800 (HKT),document,Fri Dec 29 1899 23:54:17 GMT+0800 (HKT),1cB2rcc-05HCIFOsl6kzpjGgXxS1uEtjvguQFrxL24tA,https://docs.google.com/document/d/1cB2rcc-05HCIFOsl6kzpjGgXxS1uEtjvguQFrxL24tA/edit?usp=drivesdk
2,Surat Keterangan Domisili Bagi SPDN Indonesia Dalam Rangka P3B dan Pengesahan Formulir Khusus,,PPh,15,PPh Pasal 26,,,Wed Feb 19 2020 16:14:06 GMT+0800 (HKT),Wed Feb 19 2020 16:14:23 GMT+0800 (HKT),document,Fri Dec 29 1899 23:54:17 GMT+0800 (HKT),1aSojVDlrGz0bqO_CyLUQNui9MhTaG-IJyjLkVmXGnv4,https://docs.google.com/document/d/1aSojVDlrGz0bqO_CyLUQNui9MhTaG-IJyjLkVmXGnv4/edit?usp=drivesdk
1,"Penerapan P3B, DGT dan SKD",,PPh,15,PPh Pasal 26,,,Wed Feb 19 2020 16:13:58 GMT+0800 (HKT),Wed Feb 19 2020 16:14:12 GMT+0800 (HKT),document,Fri Dec 29 1899 23:54:17 GMT+0800 (HKT),1fZffTJX7x50Gl0vlp90f93TciPZwj42b5DGyLmSzznI,https://docs.google.com/document/d/1fZffTJX7x50Gl0vlp90f93TciPZwj42b5DGyLmSzznI/edit?usp=drivesdk
7,pengurangan besarnya PPh pasal 25 bagi wajib pajak industri tertentu,,PPh,14,PPh Pasal 25,,,Wed Feb 19 2020 15:49:02 GMT+0800 (HKT),Wed Feb 19 2020 15:49:15 GMT+0800 (HKT),document,Fri Dec 29 1899 23:54:17 GMT+0800 (HKT),1y_uD3q7iCaOSYlrEla9pDS-H1CAqdvSTxDi8fN26yzA,https://docs.google.com/document/d/1y_uD3q7iCaOSYlrEla9pDS-H1CAqdvSTxDi8fN26yzA/edit?usp=drivesdk
6,"Cara Menghitung PPh Pasal 25 untuk WP BUMN, BUMD, WP Masuk Bursa",,PPh,14,PPh Pasal 25,,,Wed Feb 19 2020 15:48:53 GMT+0800 (HKT),Wed Feb 19 2020 15:49:08 GMT+0800 (HKT),document,Fri Dec 29 1899 23:54:17 GMT+0800 (HKT),1EjF8RStZA_O9TuJ5PN0FsffAjyHtVv3i-9w_TAUatck,https://docs.google.com/document/d/1EjF8RStZA_O9TuJ5PN0FsffAjyHtVv3i-9w_TAUatck/edit?usp=drivesdk
5,"Cara menghitung PPh Pasal 25 untuk WP Bank, WP SGU dengan Hak Opsi",,PPh,14,PPh Pasal 25,,,Wed Feb 19 2020 15:48:46 GMT+0800 (HKT),Wed Feb 19 2020 15:49:00 GMT+0800 (HKT),document,Fri Dec 29 1899 23:54:17 GMT+0800 (HKT),1GsUoLIjF2FjbXeF6J8bEd52Ehrlv-X_yudIBC3nCtvo,https://docs.google.com/document/d/1GsUoLIjF2FjbXeF6J8bEd52Ehrlv-X_yudIBC3nCtvo/edit?usp=drivesdk
4,Cara Menghitung PPh Pasal 25 untuk WP BARU,,PPh,14,PPh Pasal 25,,,Wed Feb 19 2020 15:48:40 GMT+0800 (HKT),Wed Feb 19 2020 15:48:54 GMT+0800 (HKT),document,Fri Dec 29 1899 23:54:17 GMT+0800 (HKT),1p42mzuL0t0_C_E7UzveLoIHzG6qIE503cvI5GTlJ52w,https://docs.google.com/document/d/1p42mzuL0t0_C_E7UzveLoIHzG6qIE503cvI5GTlJ52w/edit?usp=drivesdk
3,Fiskal Luar Negeri,,PPh,14,PPh Pasal 25,,,Wed Feb 19 2020 15:48:33 GMT+0800 (HKT),Wed Feb 19 2020 15:48:47 GMT+0800 (HKT),document,Fri Dec 29 1899 23:54:17 GMT+0800 (HKT),1-24IvY27YjAoOpYiHGpalAe_9CDZ2sRom_roDrVDYzQ,https://docs.google.com/document/d/1-24IvY27YjAoOpYiHGpalAe_9CDZ2sRom_roDrVDYzQ/edit?usp=drivesdk
2,Pelaporan SPT Masa PPh 25,,PPh,14,PPh Pasal 25,,,Wed Feb 19 2020 15:48:21 GMT+0800 (HKT),Wed Feb 19 2020 15:48:35 GMT+0800 (HKT),document,Fri Dec 29 1899 23:54:17 GMT+0800 (HKT),1ytOFm3F6guyODxS-UE1ciVzXIYmSGMgvefmIl6h5JSM,https://docs.google.com/document/d/1ytOFm3F6guyODxS-UE1ciVzXIYmSGMgvefmIl6h5JSM/edit?usp=drivesdk
1,PPh Pasal 25 atas Orang Pribadi Pengusaha Tertentu (OPPT),,PPh,14,PPh Pasal 25,,,Wed Feb 19 2020 15:48:12 GMT+0800 (HKT),Wed Feb 19 2020 15:48:26 GMT+0800 (HKT),document,Fri Dec 29 1899 23:54:17 GMT+0800 (HKT),11lgVUG3olOcLu83Y2ogNRRl61nD3DKdM9PKORKki3yk,https://docs.google.com/document/d/11lgVUG3olOcLu83Y2ogNRRl61nD3DKdM9PKORKki3yk/edit?usp=drivesdk
5,Dalam hal WP mengalami perubahan usaha atau kegiatan WP,,PPh,14,PPh Pasal 25,1,Cara Menghitung PPh Pasal 25 dalam hal-hal Tertentu,Wed Feb 19 2020 15:50:47 GMT+0800 (HKT),Wed Feb 19 2020 15:51:00 GMT+0800 (HKT),document,Fri Dec 29 1899 23:54:17 GMT+0800 (HKT),1XrrZdFO3CDSXwHCitB0mXliKaSZW_WQaEI-IUheI3a4,https://docs.google.com/document/d/1XrrZdFO3CDSXwHCitB0mXliKaSZW_WQaEI-IUheI3a4/edit?usp=drivesdk
4,Dalam hal WP membetulkan sendiri SPT Tahunan PPh,,PPh,14,PPh Pasal 25,1,Cara Menghitung PPh Pasal 25 dalam hal-hal Tertentu,Wed Feb 19 2020 15:50:41 GMT+0800 (HKT),Wed Feb 19 2020 15:50:54 GMT+0800 (HKT),document,Fri Dec 29 1899 23:54:17 GMT+0800 (HKT),1RO8Kkvg7cvT3f-QZoUy40-WJWTwTblqMcYIxMyk-QZo,https://docs.google.com/document/d/1RO8Kkvg7cvT3f-QZoUy40-WJWTwTblqMcYIxMyk-QZo/edit?usp=drivesdk
3,Dalam hal WP diberikan perpanjangan jangka waktu penyampaian SPT Tahunan PPh,,PPh,14,PPh Pasal 25,1,Cara Menghitung PPh Pasal 25 dalam hal-hal Tertentu,Wed Feb 19 2020 15:50:34 GMT+0800 (HKT),Wed Feb 19 2020 15:50:48 GMT+0800 (HKT),document,Fri Dec 29 1899 23:54:17 GMT+0800 (HKT),1nLzDO_45EvfqnvtgALz8D3uF7pLw6A906szUWb1FkDY,https://docs.google.com/document/d/1nLzDO_45EvfqnvtgALz8D3uF7pLw6A906szUWb1FkDY/edit?usp=drivesdk
2,Dalam hal WP melaporkan SPT Tahunan PPh Tahun Pajak Lalu Lewat Batas Waktu,,PPh,14,PPh Pasal 25,1,Cara Menghitung PPh Pasal 25 dalam hal-hal Tertentu,Wed Feb 19 2020 15:50:28 GMT+0800 (HKT),Wed Feb 19 2020 15:50:42 GMT+0800 (HKT),document,Fri Dec 29 1899 23:54:17 GMT+0800 (HKT),1r3YdPKcI4AifkMMtxiGOVfI25tKU-ZzUOZ_Xx5PVDuw,https://docs.google.com/document/d/1r3YdPKcI4AifkMMtxiGOVfI25tKU-ZzUOZ_Xx5PVDuw/edit?usp=drivesdk
1,Dalam hal WP berhak atas kompensasi kerugian dan Menerima Penghasilan Tidak Teratur,,PPh,14,PPh Pasal 25,1,Cara Menghitung PPh Pasal 25 dalam hal-hal Tertentu,Wed Feb 19 2020 15:50:21 GMT+0800 (HKT),Wed Feb 19 2020 15:50:35 GMT+0800 (HKT),document,Fri Dec 29 1899 23:54:17 GMT+0800 (HKT),1IpUXwd3VfY-Q9PltnFgs8hRp82QKT_gA4bXPsj46hJ0,https://docs.google.com/document/d/1IpUXwd3VfY-Q9PltnFgs8hRp82QKT_gA4bXPsj46hJ0/edit?usp=drivesdk
11,"PPh Pasal 22 Industri atau badan usaha komoditas tambang batubara, mineral logam, dan mineral bukan logam",,PPh,8,PPh Pasal 22,,,Wed Feb 19 2020 14:51:30 GMT+0800 (HKT),Wed Feb 19 2020 14:51:46 GMT+0800 (HKT),document,Fri Dec 29 1899 23:54:17 GMT+0800 (HKT),1NlCZbuJOfNZR-aY3fNhBZE0dlQj9mUJNnDNk2cm4tXU,https://docs.google.com/document/d/1NlCZbuJOfNZR-aY3fNhBZE0dlQj9mUJNnDNk2cm4tXU/edit?usp=drivesdk
10,PPh Pasal 22 atas Badan Usaha Tertentu,,PPh,8,PPh Pasal 22,,,Wed Feb 19 2020 14:48:44 GMT+0800 (HKT),Wed Feb 19 2020 14:48:57 GMT+0800 (HKT),document,Fri Dec 29 1899 23:54:17 GMT+0800 (HKT),1MmQw4vDbsdvtoP6LelzAxiCbHL7eAPWdA0E__rpAFZw,https://docs.google.com/document/d/1MmQw4vDbsdvtoP6LelzAxiCbHL7eAPWdA0E__rpAFZw/edit?usp=drivesdk
9,"SKB PPh Potput (SKB PPh 21, 22, 22 impor, 23)",,PPh,8,PPh Pasal 22,,,Wed Feb 19 2020 14:48:12 GMT+0800 (HKT),Wed Feb 19 2020 14:48:25 GMT+0800 (HKT),document,Fri Dec 29 1899 23:54:17 GMT+0800 (HKT),1pJMniVanw5BXdBW7Nv3RtnNS2rjx8hY5_aMESxYc8JI,https://docs.google.com/document/d/1pJMniVanw5BXdBW7Nv3RtnNS2rjx8hY5_aMESxYc8JI/edit?usp=drivesdk
7,"PPh Pasal 22 Industri atau eksportir sektor kehutanan, perkebunan, pertanian, peternakan, dan perikanan",,PPh,8,PPh Pasal 22,,,Wed Feb 19 2020 14:47:51 GMT+0800 (HKT),Wed Feb 19 2020 14:48:07 GMT+0800 (HKT),document,Fri Dec 29 1899 23:54:17 GMT+0800 (HKT),13D2nvmHZRUvwog9Ybw2zwwlcE6MTlnkg0zGGoHRSpL8,https://docs.google.com/document/d/13D2nvmHZRUvwog9Ybw2zwwlcE6MTlnkg0zGGoHRSpL8/edit?usp=drivesdk
8,PPh Pasal 22 Penjualan Barang yang Tergolong Sangat Mewah,,PPh,8,PPh Pasal 22,,,Wed Feb 19 2020 14:47:32 GMT+0800 (HKT),Wed Feb 19 2020 14:47:46 GMT+0800 (HKT),document,Fri Dec 29 1899 23:54:17 GMT+0800 (HKT),1sQ87lcZVePsLRYHAcvo0v15VHPq4SduubIRBFKsUuwc,https://docs.google.com/document/d/1sQ87lcZVePsLRYHAcvo0v15VHPq4SduubIRBFKsUuwc/edit?usp=drivesdk
6,PPh Pasal 22 Industri Tertentu,,PPh,8,PPh Pasal 22,,,Wed Feb 19 2020 14:24:12 GMT+0800 (HKT),Wed Feb 19 2020 14:24:25 GMT+0800 (HKT),document,Fri Dec 29 1899 23:54:17 GMT+0800 (HKT),1PBYkV4ydh98CTiTrIluXhb3VJnLcGxzOK6L_-sMM_QY,https://docs.google.com/document/d/1PBYkV4ydh98CTiTrIluXhb3VJnLcGxzOK6L_-sMM_QY/edit?usp=drivesdk
5,"PPh Pasal 22 Produsen atau importir bahan bakar minyak, bahan bakar gas, dan pelumas",,PPh,8,PPh Pasal 22,,,Wed Feb 19 2020 14:22:04 GMT+0800 (HKT),Wed Feb 19 2020 14:22:18 GMT+0800 (HKT),document,Fri Dec 29 1899 23:54:17 GMT+0800 (HKT),1bwqQmts9kiK8QUCWhUXgmneIsvDHLdV5HwDtmDdPYHY,https://docs.google.com/document/d/1bwqQmts9kiK8QUCWhUXgmneIsvDHLdV5HwDtmDdPYHY/edit?usp=drivesdk
4,PPh Pasal 22 Bendaharawan,,PPh,8,PPh Pasal 22,,,Wed Feb 19 2020 14:20:31 GMT+0800 (HKT),Wed Feb 19 2020 14:20:44 GMT+0800 (HKT),document,Fri Dec 29 1899 23:54:17 GMT+0800 (HKT),1F4MgnEArgXnuzoa2rIkUXpGSBrRt-ckkUcBdR8XzGgY,https://docs.google.com/document/d/1F4MgnEArgXnuzoa2rIkUXpGSBrRt-ckkUcBdR8XzGgY/edit?usp=drivesdk
3,PPh Pasal 22 yang Dipungut Bank Devisa dan DJBC,,PPh,8,PPh Pasal 22,,,Wed Feb 19 2020 14:18:36 GMT+0800 (HKT),Wed Feb 19 2020 14:18:49 GMT+0800 (HKT),document,Fri Dec 29 1899 23:54:17 GMT+0800 (HKT),1qmsxGN4mK6RcWKRFLzHa22zCOOiuNBphO86aXXQNnC4,https://docs.google.com/document/d/1qmsxGN4mK6RcWKRFLzHa22zCOOiuNBphO86aXXQNnC4/edit?usp=drivesdk
2,PPh Pasal 22,,PPh,8,PPh Pasal 22,,,Wed Feb 19 2020 14:17:58 GMT+0800 (HKT),Wed Feb 19 2020 14:18:11 GMT+0800 (HKT),document,Fri Dec 29 1899 23:54:17 GMT+0800 (HKT),1U4_IvxN0a-s0qqaMMNLw62F84p4qK6UEuMGUgvALNw0,https://docs.google.com/document/d/1U4_IvxN0a-s0qqaMMNLw62F84p4qK6UEuMGUgvALNw0/edit?usp=drivesdk
1,Tabel Tarif PPh Pasal 22,,PPh,8,PPh Pasal 22,,,Wed Feb 19 2020 14:17:21 GMT+0800 (HKT),Wed Feb 19 2020 14:17:34 GMT+0800 (HKT),document,Fri Dec 29 1899 23:54:17 GMT+0800 (HKT),1PeFGrfnwZWzZaOWEyr4K2SdfQrdRUFJm_Elyv_K9MUU,https://docs.google.com/document/d/1PeFGrfnwZWzZaOWEyr4K2SdfQrdRUFJm_Elyv_K9MUU/edit?usp=drivesdk
1,PPH PASAL 24 ATAS penghasilan WPDN dari Luar Negeri,,PPh,13,PPh Pasal 24,,,Wed Feb 19 2020 15:46:23 GMT+0800 (HKT),Wed Feb 19 2020 15:46:37 GMT+0800 (HKT),document,Fri Dec 29 1899 23:54:17 GMT+0800 (HKT),16eFVNqedcvIJ83pv7uolibpxeNjGrPvSlK1-uDdNHgw,https://docs.google.com/document/d/16eFVNqedcvIJ83pv7uolibpxeNjGrPvSlK1-uDdNHgw/edit?usp=drivesdk
1,PPh PASAL 19 ATAS Revaluasi (penilaian kembali aktiva tetap),,PPh,12,PPh Pasal 19,,,Wed Feb 19 2020 15:44:53 GMT+0800 (HKT),Thu Feb 20 2020 16:33:19 GMT+0800 (HKT),document,Fri Dec 29 1899 23:54:17 GMT+0800 (HKT),1MnIOCKlE_jOApX6xe_uoC3pOKyXkRvklqCXG7e4P4Ik,https://docs.google.com/document/d/1MnIOCKlE_jOApX6xe_uoC3pOKyXkRvklqCXG7e4P4Ik/edit?usp=drivesdk
2,Revaluasi aktiva tetap untuk tahun 2015 dan 2016,,PPh,12,PPh Pasal 19,,,Wed Feb 19 2020 15:44:59 GMT+0800 (HKT),Wed Feb 19 2020 15:45:12 GMT+0800 (HKT),document,Fri Dec 29 1899 23:54:17 GMT+0800 (HKT),1o_3E8szzL50o1ipSBIlxrqgFGYhLpLp70j1PLrB8Az8,https://docs.google.com/document/d/1o_3E8szzL50o1ipSBIlxrqgFGYhLpLp70j1PLrB8Az8/edit?usp=drivesdk
6,PPh Pasal 15 atas WP yang melakukan kegiatan usaha jasa maklon internasional di bidang produksi mainan anak-anak,,PPh,11,PPh Pasal 15,,,Wed Feb 19 2020 15:43:49 GMT+0800 (HKT),Wed Feb 19 2020 15:44:03 GMT+0800 (HKT),document,Fri Dec 29 1899 23:54:17 GMT+0800 (HKT),19vYS2L-_5XyjKjb84CFx7wxTQPEAJ-P9ezPtueWxd-E,https://docs.google.com/document/d/19vYS2L-_5XyjKjb84CFx7wxTQPEAJ-P9ezPtueWxd-E/edit?usp=drivesdk
5,PPh Pasal 15 atas Kantor Perwakilan Dagang Asing (representative office/liaison office) di Indonesia,,PPh,11,PPh Pasal 15,,,Wed Feb 19 2020 15:43:42 GMT+0800 (HKT),Wed Feb 19 2020 15:43:57 GMT+0800 (HKT),document,Fri Dec 29 1899 23:54:17 GMT+0800 (HKT),1GloQbxFpmjByQep0zvspHetv72niXYPi_3UVVO5FnOE,https://docs.google.com/document/d/1GloQbxFpmjByQep0zvspHetv72niXYPi_3UVVO5FnOE/edit?usp=drivesdk
4,Tabel Tarif PPh Pasal 15,,PPh,11,PPh Pasal 15,,,Wed Feb 19 2020 15:43:35 GMT+0800 (HKT),Wed Feb 19 2020 15:43:50 GMT+0800 (HKT),document,0,1B69wDYJOXhyP5IJovJtE4zKVVM3t0iaj7aZzvewEVh8,https://docs.google.com/document/d/1B69wDYJOXhyP5IJovJtE4zKVVM3t0iaj7aZzvewEVh8/edit?usp=drivesdk
3,PPh Pasal 15 atas Penerbangan Dalam Negeri,,PPh,11,PPh Pasal 15,,,Wed Feb 19 2020 15:43:29 GMT+0800 (HKT),Wed Feb 19 2020 15:43:42 GMT+0800 (HKT),document,0,1rQKPKrCr3mP6X37WZW_8mMm3CVrvbuUtdW6kO0xO5Bk,https://docs.google.com/document/d/1rQKPKrCr3mP6X37WZW_8mMm3CVrvbuUtdW6kO0xO5Bk/edit?usp=drivesdk
2,PPh Pasal 15 atas Pelayaran/Penerbangan Luar Negeri,,PPh,11,PPh Pasal 15,,,Wed Feb 19 2020 15:43:23 GMT+0800 (HKT),Wed Feb 19 2020 15:43:36 GMT+0800 (HKT),document,0,1CxR1PwvuZISa7952X13LQEBRtMClLYV6SgluZydS0GQ,https://docs.google.com/document/d/1CxR1PwvuZISa7952X13LQEBRtMClLYV6SgluZydS0GQ/edit?usp=drivesdk
1,PPh Pasal 15 atas PELAYARAN DALAM NEGERI,,PPh,11,PPh Pasal 15,,,Wed Feb 19 2020 15:43:13 GMT+0800 (HKT),Wed Feb 19 2020 15:43:26 GMT+0800 (HKT),document,0,1Nbj2DETmXrVr6xHrpYbkhmcdKofVWxCMKKf9-ThgOyQ,https://docs.google.com/document/d/1Nbj2DETmXrVr6xHrpYbkhmcdKofVWxCMKKf9-ThgOyQ/edit?usp=drivesdk
4,"PPh 21 atas mantan pegawai, komisaris yang bukan pegawai tetap, penarikan dana pensiun oleh pegawai",,PPh,7,PPh Pasal 21,2,Cara Perhitungan sebelum 1 Januari 2013,Wed Feb 19 2020 14:07:07 GMT+0800 (HKT),Wed Feb 19 2020 14:07:29 GMT+0800 (HKT),document,0,1ipwnaFjYRLWHe-EPQEvy2y2qzpidR-UtTVANWJcf-xk,https://docs.google.com/document/d/1ipwnaFjYRLWHe-EPQEvy2y2qzpidR-UtTVANWJcf-xk/edit?usp=drivesdk
3,PPh Pasal 21 Pegawai Tidak Tetap,,PPh,7,PPh Pasal 21,2,Cara Perhitungan sebelum 1 Januari 2013,Wed Feb 19 2020 14:06:46 GMT+0800 (HKT),Wed Feb 19 2020 14:07:00 GMT+0800 (HKT),document,0,1CHMRujFMdUutrFdL0DpIHdSvJgnjSX-lEZKoaQ9jkoE,https://docs.google.com/document/d/1CHMRujFMdUutrFdL0DpIHdSvJgnjSX-lEZKoaQ9jkoE/edit?usp=drivesdk
2,PPh Pasal 21 Pegawai Tetap dan Penerima Pensiun Berkala,,PPh,7,PPh Pasal 21,2,Cara Perhitungan sebelum 1 Januari 2013,Wed Feb 19 2020 14:06:26 GMT+0800 (HKT),Wed Feb 19 2020 14:06:40 GMT+0800 (HKT),document,0,11phppY4g1j3AxPIgNCwiB50T2RjnxW3_LLnx0h2_GzI,https://docs.google.com/document/d/11phppY4g1j3AxPIgNCwiB50T2RjnxW3_LLnx0h2_GzI/edit?usp=drivesdk
1,PPh Pasal 21 Atas Bonus dan Tunjangan Hari Raya (THR),,PPh,7,PPh Pasal 21,2,Cara Perhitungan sebelum 1 Januari 2013,Wed Feb 19 2020 14:05:14 GMT+0800 (HKT),Wed Feb 19 2020 14:05:34 GMT+0800 (HKT),document,0,1JOyW6CUW6tnoDpQVyuKHWQjL09mSoJWaN1jIk7d8MCg,https://docs.google.com/document/d/1JOyW6CUW6tnoDpQVyuKHWQjL09mSoJWaN1jIk7d8MCg/edit?usp=drivesdk
3,PPh Pasal 21 Atas Bonus dan Tunjangan Hari Raya (THR),,PPh,7,PPh Pasal 21,5,Cara Perhitungan sejak Tahun Pajak 2016,Wed Feb 19 2020 14:15:06 GMT+0800 (HKT),Wed Feb 19 2020 14:15:19 GMT+0800 (HKT),document,0,1O1s5RQNey1E3kz6Z-HaEXyfSbQYWzuJx-fJ2U0QISjw,https://docs.google.com/document/d/1O1s5RQNey1E3kz6Z-HaEXyfSbQYWzuJx-fJ2U0QISjw/edit?usp=drivesdk
2,PPh Pasal 21 Pegawai Tidak Tetap,,PPh,7,PPh Pasal 21,5,Cara Perhitungan sejak Tahun Pajak 2016,Wed Feb 19 2020 14:14:50 GMT+0800 (HKT),Wed Feb 19 2020 14:15:03 GMT+0800 (HKT),document,0,1R2s3_-GiozhWGFycGSDXsQo3YRdJa43RJK8hw4-oVpU,https://docs.google.com/document/d/1R2s3_-GiozhWGFycGSDXsQo3YRdJa43RJK8hw4-oVpU/edit?usp=drivesdk
1,PPh Pasal 21 Pegawai Tetap dan Pemberi Pensiun,,PPh,7,PPh Pasal 21,5,Cara Perhitungan sejak Tahun Pajak 2016,Wed Feb 19 2020 14:14:34 GMT+0800 (HKT),Wed Feb 19 2020 14:14:47 GMT+0800 (HKT),document,0,1M1bv766sPC3SxCnbKFGJ75jJ-bqlr3aJ4UTfVTnA04M,https://docs.google.com/document/d/1M1bv766sPC3SxCnbKFGJ75jJ-bqlr3aJ4UTfVTnA04M/edit?usp=drivesdk
3,PPh Pasal 21 Atas Bonus dan Tunjangan Hari Raya (THR),,PPh,7,PPh Pasal 21,4,Cara Perhitungan Sejak tahun pajak 2015,Wed Feb 19 2020 14:12:52 GMT+0800 (HKT),Wed Feb 19 2020 14:13:04 GMT+0800 (HKT),document,0,1En_WODzpNlZP4gXvfDy3ZN0t1w2Uv34ZENKPLmAIAzM,https://docs.google.com/document/d/1En_WODzpNlZP4gXvfDy3ZN0t1w2Uv34ZENKPLmAIAzM/edit?usp=drivesdk
2,PPh Pasal 21 Pegawai Tidak Tetap,,PPh,7,PPh Pasal 21,4,Cara Perhitungan Sejak tahun pajak 2015,Wed Feb 19 2020 14:12:39 GMT+0800 (HKT),Wed Feb 19 2020 14:12:52 GMT+0800 (HKT),document,0,1KcYioQttzQpDqlls1as8SClcrV7Y2S610QNOYrDWGbI,https://docs.google.com/document/d/1KcYioQttzQpDqlls1as8SClcrV7Y2S610QNOYrDWGbI/edit?usp=drivesdk
1,PPh Pasal 21 Pegawai Tetap dan Penerima Pensiun Berkala,,PPh,7,PPh Pasal 21,4,Cara Perhitungan Sejak tahun pajak 2015,Wed Feb 19 2020 14:12:24 GMT+0800 (HKT),Wed Feb 19 2020 14:12:37 GMT+0800 (HKT),document,0,1QpgJu-ZK-R97ICvsVDT3NcoIBS-gKxD9pqK8p9Hcu0Q,https://docs.google.com/document/d/1QpgJu-ZK-R97ICvsVDT3NcoIBS-gKxD9pqK8p9Hcu0Q/edit?usp=drivesdk
4,"PPh 21 atas mantan pegawai, komisaris yang bukan pegawai tetap, penarikan dana pensiun oleh pegawai",,PPh,7,PPh Pasal 21,3,Cara Penghitungan Sejak 1 Januari 2013,Wed Feb 19 2020 14:09:46 GMT+0800 (HKT),Wed Feb 19 2020 14:09:59 GMT+0800 (HKT),document,0,1L4VRyZ8Iv9EkBlSd3DFvB6oIYydsjfLqczk8JZ5DcaY,https://docs.google.com/document/d/1L4VRyZ8Iv9EkBlSd3DFvB6oIYydsjfLqczk8JZ5DcaY/edit?usp=drivesdk
3,PPh Pasal 21 Pegawai Tidak Tetap,,PPh,7,PPh Pasal 21,3,Cara Penghitungan Sejak 1 Januari 2013,Wed Feb 19 2020 14:09:32 GMT+0800 (HKT),Wed Feb 19 2020 14:09:46 GMT+0800 (HKT),document,0,1n92a1xj1dxBDXLl50TMypz7ZnDYQTYh4z0xrvwOheYU,https://docs.google.com/document/d/1n92a1xj1dxBDXLl50TMypz7ZnDYQTYh4z0xrvwOheYU/edit?usp=drivesdk
2,Penghitungan PPh 21 Pegawai Tetap dan Penerima Pensiun Berkala,,PPh,7,PPh Pasal 21,3,Cara Penghitungan Sejak 1 Januari 2013,Wed Feb 19 2020 14:09:16 GMT+0800 (HKT),Wed Feb 19 2020 14:09:30 GMT+0800 (HKT),document,0,1vv5lbTjtXaXK2HY9xNHZ-MwPee3pn3xoZPqwvA_Ie7M,https://docs.google.com/document/d/1vv5lbTjtXaXK2HY9xNHZ-MwPee3pn3xoZPqwvA_Ie7M/edit?usp=drivesdk
1,PPh Pasal 21 Atas Bonus dan Tunjangan Hari Raya (THR),,PPh,7,PPh Pasal 21,3,Cara Penghitungan Sejak 1 Januari 2013,Wed Feb 19 2020 14:08:54 GMT+0800 (HKT),Wed Feb 19 2020 14:09:11 GMT+0800 (HKT),document,0,1QvmZe76_e8dywJX311z9vEaHZeFHAfO6_gBP2up__y4,https://docs.google.com/document/d/1QvmZe76_e8dywJX311z9vEaHZeFHAfO6_gBP2up__y4/edit?usp=drivesdk
14,Pajak Penghasilan Pasal 21 atas Penghasilan Pegawai dari Pemberi Kerja yang Memenuhi Kriteria Tertentu,,PPh,7,PPh Pasal 21,1,Ketentuan Umum PPh Pasal 21,Wed Feb 19 2020 10:03:04 GMT+0800 (HKT),Wed Feb 19 2020 10:04:13 GMT+0800 (HKT),document,0,1PQDyXL85ffexGqn4udhzshyfuaEXLdy8sS1SBApnmZ0,https://docs.google.com/document/d/1PQDyXL85ffexGqn4udhzshyfuaEXLdy8sS1SBApnmZ0/edit?usp=drivesdk
13,Unsur Penambah dan Pengurang Penghasilan dalam Penghitungan PPh Pasal 21,,PPh,7,PPh Pasal 21,1,Ketentuan Umum PPh Pasal 21,Wed Feb 19 2020 10:03:09 GMT+0800 (HKT),Wed Feb 19 2020 10:04:02 GMT+0800 (HKT),document,0,1DILXCz2pkuaZPhgl-_voDzHE5yk3RFN3wJqnxStKmiQ,https://docs.google.com/document/d/1DILXCz2pkuaZPhgl-_voDzHE5yk3RFN3wJqnxStKmiQ/edit?usp=drivesdk
12,"PPh 21 bagi Pejabat Negara, PNS, Anggota TNI, POLRI, dan Pensiunannya",,PPh,7,PPh Pasal 21,1,Ketentuan Umum PPh Pasal 21,Wed Feb 19 2020 10:03:10 GMT+0800 (HKT),Wed Feb 19 2020 10:03:55 GMT+0800 (HKT),document,0,13enJLuZUSwhsqigSi-pghjkakV2jFMicfQF06CwDpRQ,https://docs.google.com/document/d/13enJLuZUSwhsqigSi-pghjkakV2jFMicfQF06CwDpRQ/edit?usp=drivesdk
11,"SKB PPh Potput (SKB PPh 21, 22, 22 impor, 23)",,PPh,7,PPh Pasal 21,1,Ketentuan Umum PPh Pasal 21,Wed Feb 19 2020 10:03:20 GMT+0800 (HKT),Wed Feb 19 2020 10:03:43 GMT+0800 (HKT),document,0,1Zfj8oqQVULU3dW16ovuDqQmuQHDx6bahrCoWKVD71_E,https://docs.google.com/document/d/1Zfj8oqQVULU3dW16ovuDqQmuQHDx6bahrCoWKVD71_E/edit?usp=drivesdk
10,Pemotong dan Bukan Pemotong PPh Pasal 21/26,,PPh,7,PPh Pasal 21,1,Ketentuan Umum PPh Pasal 21,Wed Feb 19 2020 10:00:00 GMT+0800 (HKT),Wed Feb 19 2020 10:02:58 GMT+0800 (HKT),document,0,1KmEP5WZtAn6pO72YhgvJAGBa3r6BcdTlo21UnLknZTM,https://docs.google.com/document/d/1KmEP5WZtAn6pO72YhgvJAGBa3r6BcdTlo21UnLknZTM/edit?usp=drivesdk
9,Objek dan Bukan Objek PPh Pasal 21/26,,PPh,7,PPh Pasal 21,1,Ketentuan Umum PPh Pasal 21,Wed Feb 19 2020 10:00:07 GMT+0800 (HKT),Wed Feb 19 2020 10:02:50 GMT+0800 (HKT),document,0,1Fe6rK3XVDmyVpEIwN8FBnHitlRqJt0PR6WUIbIHOMD4,https://docs.google.com/document/d/1Fe6rK3XVDmyVpEIwN8FBnHitlRqJt0PR6WUIbIHOMD4/edit?usp=drivesdk
8,Subjek dan Bukan Subjek PPh Pasal 21/26,,PPh,7,PPh Pasal 21,1,Ketentuan Umum PPh Pasal 21,Wed Feb 19 2020 09:43:21 GMT+0800 (HKT),Wed Feb 19 2020 09:46:49 GMT+0800 (HKT),document,0,1qV4DxK5F6l6XtRT6S-xEVKIBlLvJyMZpc9kM1M7Xnks,https://docs.google.com/document/d/1qV4DxK5F6l6XtRT6S-xEVKIBlLvJyMZpc9kM1M7Xnks/edit?usp=drivesdk
7,Biaya Jabatan dan Biaya Pensiun,,PPh,7,PPh Pasal 21,1,Ketentuan Umum PPh Pasal 21,Wed Feb 19 2020 09:43:32 GMT+0800 (HKT),Wed Feb 19 2020 09:46:38 GMT+0800 (HKT),document,0,1o8W44g3ZH5ljI6JUbD8d_xOlwwXofOJf0BuB3kBq6Bo,https://docs.google.com/document/d/1o8W44g3ZH5ljI6JUbD8d_xOlwwXofOJf0BuB3kBq6Bo/edit?usp=drivesdk
6,Penghasilan Tidak Kena Pajak (PTKP),,PPh,7,PPh Pasal 21,1,Ketentuan Umum PPh Pasal 21,Wed Feb 19 2020 09:43:29 GMT+0800 (HKT),Wed Feb 19 2020 09:46:31 GMT+0800 (HKT),document,0,1ZQqyz4LCgTKKGfSKT2jLIIlSwPLVp46FyBGBQ8sJtLE,https://docs.google.com/document/d/1ZQqyz4LCgTKKGfSKT2jLIIlSwPLVp46FyBGBQ8sJtLE/edit?usp=drivesdk
5,"Pesangon, Uang Manfaat Pensiun, THT dan JHT",,PPh,7,PPh Pasal 21,1,Ketentuan Umum PPh Pasal 21,Wed Feb 19 2020 09:42:11 GMT+0800 (HKT),Wed Feb 19 2020 09:46:20 GMT+0800 (HKT),document,0,1RDTiTQYqz666GsFl57dCooQebudclgrtA385-avA490,https://docs.google.com/document/d/1RDTiTQYqz666GsFl57dCooQebudclgrtA385-avA490/edit?usp=drivesdk
4,Tanda Tangan Stempel & Bukti Potong Online PPh 21,,PPh,7,PPh Pasal 21,1,Ketentuan Umum PPh Pasal 21,Wed Feb 19 2020 09:42:08 GMT+0800 (HKT),Wed Feb 19 2020 09:46:07 GMT+0800 (HKT),document,0,1CfODE5PAwZvj8Ee79zUuRm7G1iQgCD1ObI6yI4XuzuY,https://docs.google.com/document/d/1CfODE5PAwZvj8Ee79zUuRm7G1iQgCD1ObI6yI4XuzuY/edit?usp=drivesdk
3,PPh 21 Ditanggung Pemerintah,,PPh,7,PPh Pasal 21,1,Ketentuan Umum PPh Pasal 21,Wed Feb 19 2020 09:43:30 GMT+0800 (HKT),Wed Feb 19 2020 09:45:57 GMT+0800 (HKT),document,0,1-fkK4AjC6fQHDuFRIEOQZ0l9OQaGqCdZfLRmsaO1Vck,https://docs.google.com/document/d/1-fkK4AjC6fQHDuFRIEOQZ0l9OQaGqCdZfLRmsaO1Vck/edit?usp=drivesdk
2,"Jamsostek (JKK, JHT, JKM, JPK & JHT) dan Premi asuransi lainnya",,PPh,7,PPh Pasal 21,1,Ketentuan Umum PPh Pasal 21,Wed Feb 19 2020 09:43:19 GMT+0800 (HKT),Wed Feb 19 2020 09:45:50 GMT+0800 (HKT),document,0,1-dbutICE1PJ-Wq2RSEcLQxkaedACnTbQ1OJ_6gmeMPY,https://docs.google.com/document/d/1-dbutICE1PJ-Wq2RSEcLQxkaedACnTbQ1OJ_6gmeMPY/edit?usp=drivesdk
1,Tabel Tarif PPh Pasal 21,,PPh,7,PPh Pasal 21,1,Ketentuan Umum PPh Pasal 21,Wed Feb 19 2020 09:43:32 GMT+0800 (HKT),Wed Feb 19 2020 09:45:41 GMT+0800 (HKT),document,0,1-O5FYi-HXxg0V1dkGUefRrXnwYkWTmw5YH8Kd0VXQn4,https://docs.google.com/document/d/1-O5FYi-HXxg0V1dkGUefRrXnwYkWTmw5YH8Kd0VXQn4/edit?usp=drivesdk
12,Transaksi e-commerse,,PPh,6,Penghasilan atas Jenis Usaha Tertentu,,,Wed Feb 19 2020 09:36:50 GMT+0800 (HKT),Thu Feb 20 2020 02:02:24 GMT+0800 (HKT),document,0,1aRoXeDB5dkNkoAVD6Bvq1XvOQ0qwG5mPmHmxVBARk_4,https://docs.google.com/document/d/1aRoXeDB5dkNkoAVD6Bvq1XvOQ0qwG5mPmHmxVBARk_4/edit?usp=drivesdk
4,"CV, Firma, Kongsi, Persekutuan, Kontrak Investasi Kolektif (KIK)",,PPh,6,Penghasilan atas Jenis Usaha Tertentu,,,Wed Feb 19 2020 09:29:22 GMT+0800 (HKT),Wed Feb 19 2020 19:40:03 GMT+0800 (HKT),document,0,1T1xSvVEDwHGQWsrIefDQnAB44OMtq61r8cvnorekERI,https://docs.google.com/document/d/1T1xSvVEDwHGQWsrIefDQnAB44OMtq61r8cvnorekERI/edit?usp=drivesdk
11,Penghitungan PPh Kontraktor Kontrak Kerja Sama Migas,,PPh,6,Penghasilan atas Jenis Usaha Tertentu,,,Wed Feb 19 2020 09:36:40 GMT+0800 (HKT),Wed Feb 19 2020 09:37:11 GMT+0800 (HKT),document,0,1YpBKDAO3zJ682udoO62aL5d3NxWhSAbr-AzCkuUAEok,https://docs.google.com/document/d/1YpBKDAO3zJ682udoO62aL5d3NxWhSAbr-AzCkuUAEok/edit?usp=drivesdk
10,Perusahaan Pelayaran Niaga Nasional,,PPh,6,Penghasilan atas Jenis Usaha Tertentu,,,Wed Feb 19 2020 09:28:11 GMT+0800 (HKT),Wed Feb 19 2020 09:36:36 GMT+0800 (HKT),document,0,1yzlxGgNr_UCshTkRpOfRPHsvDX-UgMNU4QJLoZ077c4,https://docs.google.com/document/d/1yzlxGgNr_UCshTkRpOfRPHsvDX-UgMNU4QJLoZ077c4/edit?usp=drivesdk
9,Kegiatan Usaha Berbasis Syariah,,PPh,6,Penghasilan atas Jenis Usaha Tertentu,,,Wed Feb 19 2020 09:28:49 GMT+0800 (HKT),Wed Feb 19 2020 09:36:27 GMT+0800 (HKT),document,0,1x3L3JIqBiwhNzCpGsL7rqOh98Mu92ll0EjRTHAjqO6c,https://docs.google.com/document/d/1x3L3JIqBiwhNzCpGsL7rqOh98Mu92ll0EjRTHAjqO6c/edit?usp=drivesdk
8,Built Operate and Transfer (BOT) (Bangun Guna Serah),,PPh,6,Penghasilan atas Jenis Usaha Tertentu,,,Wed Feb 19 2020 09:29:32 GMT+0800 (HKT),Wed Feb 19 2020 09:36:18 GMT+0800 (HKT),document,0,1nbR8Lip6haQ-a6uDbvdtqJyvcMkpFLN-u3-xELjd3JA,https://docs.google.com/document/d/1nbR8Lip6haQ-a6uDbvdtqJyvcMkpFLN-u3-xELjd3JA/edit?usp=drivesdk
7,Perlakuan PPh atas Usaha Reksadana,,PPh,6,Penghasilan atas Jenis Usaha Tertentu,,,Wed Feb 19 2020 09:27:36 GMT+0800 (HKT),Wed Feb 19 2020 09:34:31 GMT+0800 (HKT),document,0,1jezn5fRKxGfurqt6ONoHtCh1gbTH4RgGXCsyd9A_iyE,https://docs.google.com/document/d/1jezn5fRKxGfurqt6ONoHtCh1gbTH4RgGXCsyd9A_iyE/edit?usp=drivesdk
6,Usaha Lapangan Golf,,PPh,6,Penghasilan atas Jenis Usaha Tertentu,,,Wed Feb 19 2020 09:27:44 GMT+0800 (HKT),Wed Feb 19 2020 09:34:23 GMT+0800 (HKT),document,0,1_5canndXD_I-MAFt1WHpyYvNbx_2goZPk3cuZBc_06M,https://docs.google.com/document/d/1_5canndXD_I-MAFt1WHpyYvNbx_2goZPk3cuZBc_06M/edit?usp=drivesdk
5,Yayasan,,PPh,6,Penghasilan atas Jenis Usaha Tertentu,,,Wed Feb 19 2020 09:28:34 GMT+0800 (HKT),Wed Feb 19 2020 09:31:24 GMT+0800 (HKT),document,0,1ZG9BZFBhBGYuvPYy2IV9kq42Kfz5fBO6hc8Guthfc6Y,https://docs.google.com/document/d/1ZG9BZFBhBGYuvPYy2IV9kq42Kfz5fBO6hc8Guthfc6Y/edit?usp=drivesdk
3,Perlakuan Perpajakan untuk Pengusaha Panas Bumi,,PPh,6,Penghasilan atas Jenis Usaha Tertentu,,,Wed Feb 19 2020 09:28:24 GMT+0800 (HKT),Wed Feb 19 2020 09:31:05 GMT+0800 (HKT),document,0,1SQK-Lt84F45ag7FLX3l-YoIPGIip_mCPaCJMgS4RS7Q,https://docs.google.com/document/d/1SQK-Lt84F45ag7FLX3l-YoIPGIip_mCPaCJMgS4RS7Q/edit?usp=drivesdk
2,Perlakuan PPh dan PPN atas Leasing (Sewa Guna Usaha),,PPh,6,Penghasilan atas Jenis Usaha Tertentu,,,Wed Feb 19 2020 09:29:28 GMT+0800 (HKT),Wed Feb 19 2020 09:30:28 GMT+0800 (HKT),document,0,1RF5UvbwvKgqzUWLje991jyAM0b38_vzWmoQTESV5ufE,https://docs.google.com/document/d/1RF5UvbwvKgqzUWLje991jyAM0b38_vzWmoQTESV5ufE/edit?usp=drivesdk
1,Join Operation (Pemecahan Bukti Potong),1,PPh,6,Penghasilan atas Jenis Usaha Tertentu,,,Wed Feb 19 2020 09:27:58 GMT+0800 (HKT),Wed Feb 19 2020 09:30:12 GMT+0800 (HKT),document,0,1GLu3BRwbufe7qslJYfYKJSsxjSIwcstP91R9YWVZJes,https://docs.google.com/document/d/1GLu3BRwbufe7qslJYfYKJSsxjSIwcstP91R9YWVZJes/edit?usp=drivesdk
5,Daftar Wilayah KAPET,,PPh,6,Penghasilan atas Jenis Usaha Tertentu,1,Perpajakan di KAPET,Wed Feb 19 2020 09:38:23 GMT+0800 (HKT),Wed Feb 19 2020 09:40:48 GMT+0800 (HKT),document,0,1jgOZyW-W-k3r-Euz-wyNkUF_sHczbEp1mgkCbH7pdvU,https://docs.google.com/document/d/1jgOZyW-W-k3r-Euz-wyNkUF_sHczbEp1mgkCbH7pdvU/edit?usp=drivesdk
4,Kawasan Pengembangan Ekonomi Terpadu (KAPET) (yang ditetapkan sebagai Kawasan Berikat),,PPh,6,Penghasilan atas Jenis Usaha Tertentu,1,Perpajakan di KAPET,Wed Feb 19 2020 09:38:46 GMT+0800 (HKT),Wed Feb 19 2020 09:39:48 GMT+0800 (HKT),document,0,1W32EYGi4FUg-0vVAZ-rAvBAI7hoOqIm_FxKiITEVQ7g,https://docs.google.com/document/d/1W32EYGi4FUg-0vVAZ-rAvBAI7hoOqIm_FxKiITEVQ7g/edit?usp=drivesdk
3,Untuk Pengusaha yang Tidak Berdomisili di dalam wilayah KAPET,,PPh,6,Penghasilan atas Jenis Usaha Tertentu,1,Perpajakan di KAPET,Wed Feb 19 2020 09:38:54 GMT+0800 (HKT),Wed Feb 19 2020 09:39:36 GMT+0800 (HKT),document,0,1T5J3J1WGqB4rkPmhfCyN6iMYIazeNYywjTePi8MT1jc,https://docs.google.com/document/d/1T5J3J1WGqB4rkPmhfCyN6iMYIazeNYywjTePi8MT1jc/edit?usp=drivesdk
2,Untuk Pengusaha yang Berdomisili di dalam wilayah KAPET,,PPh,6,Penghasilan atas Jenis Usaha Tertentu,1,Perpajakan di KAPET,Wed Feb 19 2020 09:38:51 GMT+0800 (HKT),Wed Feb 19 2020 09:39:27 GMT+0800 (HKT),document,0,120DhRmmV3QbH8oEaeF4mSe4n9RfxV2gxp6HYM2FkO1k,https://docs.google.com/document/d/120DhRmmV3QbH8oEaeF4mSe4n9RfxV2gxp6HYM2FkO1k/edit?usp=drivesdk
1,Perlakuan Perpajakan di KAPET (PPh dan PPN),,PPh,6,Penghasilan atas Jenis Usaha Tertentu,1,Perpajakan di KAPET,Wed Feb 19 2020 09:38:52 GMT+0800 (HKT),Wed Feb 19 2020 09:39:17 GMT+0800 (HKT),document,0,11Q7M-hte4lHrAhy6oaDok78LCoKaXim0POxqd8MK1os,https://docs.google.com/document/d/11Q7M-hte4lHrAhy6oaDok78LCoKaXim0POxqd8MK1os/edit?usp=drivesdk
3,Tax Haven Country,,PPh,5,Pencatatan dan Pembukuan,,,Wed Feb 19 2020 09:14:05 GMT+0800 (HKT),Wed Feb 19 2020 17:03:22 GMT+0800 (HKT),document,0,1xDPRPcCmxSjeYMNeFqMq1GjVopSoRjcHEUNBibiDA2U,https://docs.google.com/document/d/1xDPRPcCmxSjeYMNeFqMq1GjVopSoRjcHEUNBibiDA2U/edit?usp=drivesdk
2,Norma Penghitungan Penghasilan Neto sejak tahun pajak 2016,,PPh,5,Pencatatan dan Pembukuan,,,Wed Feb 19 2020 09:14:10 GMT+0800 (HKT),Wed Feb 19 2020 17:03:15 GMT+0800 (HKT),document,0,12qJOUopOU2wMBLL_5sqlM6CsKSxQuE4vlmX0wyqH8AI,https://docs.google.com/document/d/12qJOUopOU2wMBLL_5sqlM6CsKSxQuE4vlmX0wyqH8AI/edit?usp=drivesdk
1,Norma Penghitungan Penghasilan Neto,,PPh,5,Pencatatan dan Pembukuan,,,Wed Feb 19 2020 09:13:16 GMT+0800 (HKT),Wed Feb 19 2020 17:03:05 GMT+0800 (HKT),document,0,1L8D8yGJT5LIyEbrlb2_ddjLkbdF71xMKxr-1WvG1JgE,https://docs.google.com/document/d/1L8D8yGJT5LIyEbrlb2_ddjLkbdF71xMKxr-1WvG1JgE/edit?usp=drivesdk
1,Sisa Lebih yang Diterima oleh Badan atau Lembaga Nirlaba di Bidang Pendidikan,,PPh,3,Penghasilan,,,Tue Feb 18 2020 16:36:15 GMT+0800 (HKT),Mon Feb 24 2020 15:14:12 GMT+0800 (HKT),document,0,127FHvhJ_y4YiYS3QJT6uY-FVkMrUU1BkeAeqhQfnxDw,https://docs.google.com/document/d/127FHvhJ_y4YiYS3QJT6uY-FVkMrUU1BkeAeqhQfnxDw/edit?usp=drivesdk
7,"Hubungan Usaha, Pekerjaan,Kepemilikan atau Penguasaan",1,PPh,3,Penghasilan,,,Tue Feb 18 2020 16:35:24 GMT+0800 (HKT),Mon Feb 24 2020 15:01:32 GMT+0800 (HKT),document,0,1QKwNJCL0GNElOWAr_FS7mDyEPF6ZHy0AcqxKlZtyI_U,https://docs.google.com/document/d/1QKwNJCL0GNElOWAr_FS7mDyEPF6ZHy0AcqxKlZtyI_U/edit?usp=drivesdk
2,"Hibah, Bantuan, Sumbangan yang tidak termasuk Objek pajak",1,PPh,3,Penghasilan,,,Tue Feb 18 2020 16:36:32 GMT+0800 (HKT),Mon Feb 24 2020 15:01:01 GMT+0800 (HKT),document,0,15mgB4GKF_K9MHvhL5Z6ncieZKseENYjYWWpKJURsAWU,https://docs.google.com/document/d/15mgB4GKF_K9MHvhL5Z6ncieZKseENYjYWWpKJURsAWU/edit?usp=drivesdk
8,Objek PPh,2,PPh,3,Penghasilan,,,Tue Feb 18 2020 16:35:38 GMT+0800 (HKT),Fri Feb 21 2020 07:37:58 GMT+0800 (HKT),document,0,1WFR9RkpJ2aLe4roJj85PFyzfnjoRaIDZwvZk1p7umtk,https://docs.google.com/document/d/1WFR9RkpJ2aLe4roJj85PFyzfnjoRaIDZwvZk1p7umtk/edit?usp=drivesdk
6,Keuntungan karena Pembebasan Utang,,PPh,3,Penghasilan,,,Tue Feb 18 2020 16:36:20 GMT+0800 (HKT),Thu Feb 20 2020 16:32:53 GMT+0800 (HKT),document,0,1NoYWXOQqkLMBMeM9bRH6ZoadojUDYWiqkfjBIz9Gwjg,https://docs.google.com/document/d/1NoYWXOQqkLMBMeM9bRH6ZoadojUDYWiqkfjBIz9Gwjg/edit?usp=drivesdk
9,Bukan objek PPh,,PPh,3,Penghasilan,,,Tue Feb 18 2020 16:37:17 GMT+0800 (HKT),Tue Feb 18 2020 16:39:31 GMT+0800 (HKT),document,0,1m6IcM4nlDv_TYq2YBpwM1bMilMpJaBP3w6xD4-BdJzM,https://docs.google.com/document/d/1m6IcM4nlDv_TYq2YBpwM1bMilMpJaBP3w6xD4-BdJzM/edit?usp=drivesdk
5,"Bantuan, Sumbangan, Zakat yang tidak termasuk Objek Pajak",1,PPh,3,Penghasilan,,,Tue Feb 18 2020 16:34:21 GMT+0800 (HKT),Tue Feb 18 2020 16:38:50 GMT+0800 (HKT),document,0,1NdjyDKjMMhEmVWG6i2RLWZGq10kFKOxHQ41d8nrXJsQ,https://docs.google.com/document/d/1NdjyDKjMMhEmVWG6i2RLWZGq10kFKOxHQ41d8nrXJsQ/edit?usp=drivesdk
4,Bantuan atau Santunan yang Dibayarkan oleh Badan Penyelenggara Jaminan Sosial (BPJS),,PPh,3,Penghasilan,,,Tue Feb 18 2020 16:27:04 GMT+0800 (HKT),Tue Feb 18 2020 16:38:41 GMT+0800 (HKT),document,0,17oXPrlwahwAfsDEGvSdX92H9IHZyU6KvrNAcwjzE-uA,https://docs.google.com/document/d/17oXPrlwahwAfsDEGvSdX92H9IHZyU6KvrNAcwjzE-uA/edit?usp=drivesdk
3,Beasiswa tidak termasuk Objek Pajak,,PPh,3,Penghasilan,,,Tue Feb 18 2020 16:34:48 GMT+0800 (HKT),Tue Feb 18 2020 16:38:28 GMT+0800 (HKT),document,0,1DoagNwfTxU8eV5FXzKtc1O5XJ6U5P_YHCNT5rl6O0So,https://docs.google.com/document/d/1DoagNwfTxU8eV5FXzKtc1O5XJ6U5P_YHCNT5rl6O0So/edit?usp=drivesdk
2,Subjek Pajak dan Bukan Subjek Pajak,2,PPh,2,Subjek Pajak,,,Thu Feb 20 2020 15:02:39 GMT+0800 (HKT),Fri Feb 21 2020 07:50:13 GMT+0800 (HKT),document,0,1REfe4d5Hna-UsXTzC9jdOL0EKV6b921qCU7KTPT_iIE,https://docs.google.com/document/d/1REfe4d5Hna-UsXTzC9jdOL0EKV6b921qCU7KTPT_iIE/edit?usp=drivesdk
1,Penentuan SPDN dan SPLN,,PPh,2,Subjek Pajak,,,Thu Feb 20 2020 15:02:29 GMT+0800 (HKT),Thu Feb 20 2020 15:02:42 GMT+0800 (HKT),document,0,1h6uRllLy8lgbQM8BTOOCAq8r87eP84hIbH77idbmJ9k,https://docs.google.com/document/d/1h6uRllLy8lgbQM8BTOOCAq8r87eP84hIbH77idbmJ9k/edit?usp=drivesdk
9,Penegasan Perlakuan PPh Pasal 23 Usaha Retail,,PPh,9,PPh Pasal 23,,,Thu Feb 20 2020 16:18:59 GMT+0800 (HKT),Thu Feb 20 2020 17:16:27 GMT+0800 (HKT),document,0,1z0_Ie1KQ8PmT9GQsbxWRvJJQc6REoY9-On7ohijxI88,https://docs.google.com/document/d/1z0_Ie1KQ8PmT9GQsbxWRvJJQc6REoY9-On7ohijxI88/edit?usp=drivesdk
5,Sewa dan Jasa,,PPh,9,PPh Pasal 23,,,Thu Feb 20 2020 16:18:31 GMT+0800 (HKT),Thu Feb 20 2020 16:32:37 GMT+0800 (HKT),document,0,1Fzk9KNQFJk_GbG7dz_2T99o-MbcMNjhlPCQAk-yHt-0,https://docs.google.com/document/d/1Fzk9KNQFJk_GbG7dz_2T99o-MbcMNjhlPCQAk-yHt-0/edit?usp=drivesdk
3,Royalti,,PPh,9,PPh Pasal 23,,,Thu Feb 20 2020 16:18:20 GMT+0800 (HKT),Thu Feb 20 2020 16:32:19 GMT+0800 (HKT),document,0,1bKh_eDrtpvi8NsX_d6wEqGg6HGHyfLDenttOXaokZhk,https://docs.google.com/document/d/1bKh_eDrtpvi8NsX_d6wEqGg6HGHyfLDenttOXaokZhk/edit?usp=drivesdk
1,Dividen,,PPh,9,PPh Pasal 23,,,Thu Feb 20 2020 16:18:07 GMT+0800 (HKT),Thu Feb 20 2020 16:32:06 GMT+0800 (HKT),document,0,1wWRxp3YglEHw-tRgDzpLC1Ot9-lPZhxfjR8W2I5N2fo,https://docs.google.com/document/d/1wWRxp3YglEHw-tRgDzpLC1Ot9-lPZhxfjR8W2I5N2fo/edit?usp=drivesdk
2,Bunga,,PPh,9,PPh Pasal 23,,,Thu Feb 20 2020 16:18:14 GMT+0800 (HKT),Thu Feb 20 2020 16:31:37 GMT+0800 (HKT),document,0,1_3wU3xrjQRrkip3meVv_EKAt2Cs805YP4VidnvVT1jo,https://docs.google.com/document/d/1_3wU3xrjQRrkip3meVv_EKAt2Cs805YP4VidnvVT1jo/edit?usp=drivesdk
4,"Hadiah, Penghargaan",,PPh,9,PPh Pasal 23,,,Thu Feb 20 2020 16:18:25 GMT+0800 (HKT),Thu Feb 20 2020 16:30:41 GMT+0800 (HKT),document,0,1vcsMjMTEvU0tA7Kcba27yx40fB46aicHeYwRGeRO2bQ,https://docs.google.com/document/d/1vcsMjMTEvU0tA7Kcba27yx40fB46aicHeYwRGeRO2bQ/edit?usp=drivesdk
10,Stempel Tanda tangan pada Bukti Potong PPh 23/26 atas dividen,,PPh,9,PPh Pasal 23,,,Thu Feb 20 2020 16:19:04 GMT+0800 (HKT),Thu Feb 20 2020 16:19:17 GMT+0800 (HKT),document,0,1RRhurQEMlSpdje0Zkc6Zv5LtALFWNkvBZ3bEYhxl8dU,https://docs.google.com/document/d/1RRhurQEMlSpdje0Zkc6Zv5LtALFWNkvBZ3bEYhxl8dU/edit?usp=drivesdk
8,"SKB PPh Potput (SKB PPh 21, 22, 22 impor, 23)",,PPh,9,PPh Pasal 23,,,Thu Feb 20 2020 16:18:53 GMT+0800 (HKT),Thu Feb 20 2020 16:19:06 GMT+0800 (HKT),document,0,1v_ZaVY0fEh2Yad8MstHglvUnU58TQvDte_4QbMv6NEo,https://docs.google.com/document/d/1v_ZaVY0fEh2Yad8MstHglvUnU58TQvDte_4QbMv6NEo/edit?usp=drivesdk
7,PPh Pasal 23,,PPh,9,PPh Pasal 23,,,Thu Feb 20 2020 16:18:46 GMT+0800 (HKT),Thu Feb 20 2020 16:18:59 GMT+0800 (HKT),document,0,1SrPiJBWRoaWyUo82CeHM6Enl88lDAuzKgj5G8LFg1zU,https://docs.google.com/document/d/1SrPiJBWRoaWyUo82CeHM6Enl88lDAuzKgj5G8LFg1zU/edit?usp=drivesdk
6,Tabel Tarif PPh Pasal 23,,PPh,9,PPh Pasal 23,,,Thu Feb 20 2020 16:18:39 GMT+0800 (HKT),Thu Feb 20 2020 16:18:54 GMT+0800 (HKT),document,0,1E_UKatdbmToQ3syUGIDWE5rppHJMh4y6Y4MF0NOwpOE,https://docs.google.com/document/d/1E_UKatdbmToQ3syUGIDWE5rppHJMh4y6Y4MF0NOwpOE/edit?usp=drivesdk
16,PPh Final atas penghasilan WP yang memiliki peredaran bruto tertentu PP 23 Tahun 2018,1,PPh,10,PPh Final Pasal 4 ayat (2),,,Fri Feb 21 2020 07:36:09 GMT+0800 (HKT),Fri Feb 21 2020 09:28:09 GMT+0800 (HKT),document,0,19ck-tyS1-2u2BI2kjqRp2pwFVMqXT30dllj63ohJoWU,https://docs.google.com/document/d/19ck-tyS1-2u2BI2kjqRp2pwFVMqXT30dllj63ohJoWU/edit?usp=drivesdk
17,Validasi SSB dan SSP,,PPh,10,PPh Final Pasal 4 ayat (2),,,Fri Feb 21 2020 07:36:18 GMT+0800 (HKT),Fri Feb 21 2020 07:36:32 GMT+0800 (HKT),document,0,1zPkk10JhxQf2XQ_dm3QpXJolhcW6PYTcTLDKDXNqDxk,https://docs.google.com/document/d/1zPkk10JhxQf2XQ_dm3QpXJolhcW6PYTcTLDKDXNqDxk/edit?usp=drivesdk
15,PPh Final atas penghasilan WP yang memiliki peredaran bruto tertentu PP 46 Tahun 2013 (sudah tidak berlaku sejak 1 Juli 2018),,PPh,10,PPh Final Pasal 4 ayat (2),,,Fri Feb 21 2020 07:36:01 GMT+0800 (HKT),Fri Feb 21 2020 07:36:14 GMT+0800 (HKT),document,0,1j148cCPHFCv4_SensiF3mamo3ZtZJndKjxXIyoMRjls,https://docs.google.com/document/d/1j148cCPHFCv4_SensiF3mamo3ZtZJndKjxXIyoMRjls/edit?usp=drivesdk
14,PPh Final atas Penghasilan dari Pengalihan Real Estat dalam Skema Kontrak Investasi Kolektif Tertentu,,PPh,10,PPh Final Pasal 4 ayat (2),,,Fri Feb 21 2020 07:35:53 GMT+0800 (HKT),Fri Feb 21 2020 07:36:06 GMT+0800 (HKT),document,0,1TUsHw11MSS3_AYTENlpbF5Lv9Svgc24Ims9eMcIKIAA,https://docs.google.com/document/d/1TUsHw11MSS3_AYTENlpbF5Lv9Svgc24Ims9eMcIKIAA/edit?usp=drivesdk
13,PPh Final atas Penghasilan Lain Kontraktor Dari Pengalihan Participating Interest,,PPh,10,PPh Final Pasal 4 ayat (2),,,Fri Feb 21 2020 07:35:38 GMT+0800 (HKT),Fri Feb 21 2020 07:35:57 GMT+0800 (HKT),document,0,1h5uAjNEVTcRN1iKfFcti0WsYLZA9gnP_yFoyZohAvGQ,https://docs.google.com/document/d/1h5uAjNEVTcRN1iKfFcti0WsYLZA9gnP_yFoyZohAvGQ/edit?usp=drivesdk
12,SKB terkait PP 46 Tahun 2013,,PPh,10,PPh Final Pasal 4 ayat (2),,,Fri Feb 21 2020 07:35:29 GMT+0800 (HKT),Fri Feb 21 2020 07:35:42 GMT+0800 (HKT),document,0,1tHH4SfOLwQP3o6-s5NtTsTWeXX_GFre0iz0qsJ_KOzo,https://docs.google.com/document/d/1tHH4SfOLwQP3o6-s5NtTsTWeXX_GFre0iz0qsJ_KOzo/edit?usp=drivesdk
11,Stempel Tanda Tangan pada Bukti Potong PPh atas Pembayaran Bunga Kepada Nasabah SUN-ORI,,PPh,10,PPh Final Pasal 4 ayat (2),,,Fri Feb 21 2020 07:35:19 GMT+0800 (HKT),Fri Feb 21 2020 07:35:33 GMT+0800 (HKT),document,0,1H59-TC3vfpPmpo6APrFQhUvQWkoKuBqBjlfykRuzgds,https://docs.google.com/document/d/1H59-TC3vfpPmpo6APrFQhUvQWkoKuBqBjlfykRuzgds/edit?usp=drivesdk
10,"Stempel Tanda Tangan pada Bukti Potong PPh atas Bunga Deposito, Tabungan, Jasa Giro, dan Diskonto SBI",,PPh,10,PPh Final Pasal 4 ayat (2),,,Fri Feb 21 2020 07:35:09 GMT+0800 (HKT),Fri Feb 21 2020 07:35:23 GMT+0800 (HKT),document,0,1qUTi6RQHlZ5X2smw2su0G0LhKjBC5-I7LDnp5lOpb7I,https://docs.google.com/document/d/1qUTi6RQHlZ5X2smw2su0G0LhKjBC5-I7LDnp5lOpb7I/edit?usp=drivesdk
9,PPh Final atas Hadiah Undian,,PPh,10,PPh Final Pasal 4 ayat (2),,,Fri Feb 21 2020 07:35:00 GMT+0800 (HKT),Fri Feb 21 2020 07:35:14 GMT+0800 (HKT),document,0,1nQivbzTnblpSz9jf3KOR7C50q1hRvnfIrEyrMZFSzSE,https://docs.google.com/document/d/1nQivbzTnblpSz9jf3KOR7C50q1hRvnfIrEyrMZFSzSE/edit?usp=drivesdk
8,PPh Final atas Bunga simpanan Koperasi,,PPh,10,PPh Final Pasal 4 ayat (2),,,Fri Feb 21 2020 07:34:52 GMT+0800 (HKT),Fri Feb 21 2020 07:35:06 GMT+0800 (HKT),document,0,1UxqyPW5Sf_wIsUHVz-s4jMa_3rIfAm3zd3Uo_orGW7s,https://docs.google.com/document/d/1UxqyPW5Sf_wIsUHVz-s4jMa_3rIfAm3zd3Uo_orGW7s/edit?usp=drivesdk
7,PPh Final atas Bunga deposito dan tabungan serta diskonto Sertifikat Bank Indonesia,,PPh,10,PPh Final Pasal 4 ayat (2),,,Fri Feb 21 2020 07:34:45 GMT+0800 (HKT),Fri Feb 21 2020 07:34:58 GMT+0800 (HKT),document,0,1zVfvD7JJ7G-uEXqCpxHO6b2XJo9D50Su5LuUC9XMR8I,https://docs.google.com/document/d/1zVfvD7JJ7G-uEXqCpxHO6b2XJo9D50Su5LuUC9XMR8I/edit?usp=drivesdk
6,PPh Final atas Dividen yang diterima Orang Pribadi (OP),,PPh,10,PPh Final Pasal 4 ayat (2),,,Fri Feb 21 2020 07:34:38 GMT+0800 (HKT),Fri Feb 21 2020 07:34:51 GMT+0800 (HKT),document,0,1olzZmJ4huRsNeWh31_LB32oT7ue0BjRa034OY0THk1E,https://docs.google.com/document/d/1olzZmJ4huRsNeWh31_LB32oT7ue0BjRa034OY0THk1E/edit?usp=drivesdk
5,PPh Final atas Penjualan Saham di Bursa Efek,,PPh,10,PPh Final Pasal 4 ayat (2),,,Fri Feb 21 2020 07:34:28 GMT+0800 (HKT),Fri Feb 21 2020 07:34:43 GMT+0800 (HKT),document,0,1fWaQxMzO4wvrJdm71IjyxxUj967_JWGkawM6mQzWcqM,https://docs.google.com/document/d/1fWaQxMzO4wvrJdm71IjyxxUj967_JWGkawM6mQzWcqM/edit?usp=drivesdk
4,PPh Final atas Jasa Konstruksi,,PPh,10,PPh Final Pasal 4 ayat (2),,,Fri Feb 21 2020 07:34:13 GMT+0800 (HKT),Fri Feb 21 2020 07:34:27 GMT+0800 (HKT),document,0,1vtRMMeWr5b-m4LHxe5YXGVw0PB6O0baaZRVbyinEcbE,https://docs.google.com/document/d/1vtRMMeWr5b-m4LHxe5YXGVw0PB6O0baaZRVbyinEcbE/edit?usp=drivesdk
3,PPh Final atas Persewaan Tanah dan/atau Bangunan,,PPh,10,PPh Final Pasal 4 ayat (2),,,Fri Feb 21 2020 07:34:03 GMT+0800 (HKT),Fri Feb 21 2020 07:34:17 GMT+0800 (HKT),document,0,12grZjE0HsfU-EKz-UN6l_r_QJo5AgOuhbSFwNu2HVOk,https://docs.google.com/document/d/12grZjE0HsfU-EKz-UN6l_r_QJo5AgOuhbSFwNu2HVOk/edit?usp=drivesdk
2,"PPh Final atas Pengalihan hak atas Tanah dan/atau bangunan, SKB PPhTB",,PPh,10,PPh Final Pasal 4 ayat (2),,,Fri Feb 21 2020 07:33:55 GMT+0800 (HKT),Fri Feb 21 2020 07:34:09 GMT+0800 (HKT),document,0,1ZNcPgTBM4V1GM-1YJ7lmhD0Gaoxg7TRdMMgTbZgWE_I,https://docs.google.com/document/d/1ZNcPgTBM4V1GM-1YJ7lmhD0Gaoxg7TRdMMgTbZgWE_I/edit?usp=drivesdk
1,"SUN (Obligasi Negara, SPN) dan SBSN",,PPh,10,PPh Final Pasal 4 ayat (2),,,Fri Feb 21 2020 07:33:47 GMT+0800 (HKT),Fri Feb 21 2020 07:34:00 GMT+0800 (HKT),document,0,1VCHNQznBzjTsA3vwK49If3UYXkbo_C6naj8wJ4-MTpM,https://docs.google.com/document/d/1VCHNQznBzjTsA3vwK49If3UYXkbo_C6naj8wJ4-MTpM/edit?usp=drivesdk
6,"Biaya SDM (deductible/nondeductible, objek PPh 21/bukan objek PPh 21)",1,PPh,4,Biaya Fiskal,,,Mon Feb 24 2020 14:59:27 GMT+0800 (HKT),Mon Feb 24 2020 15:16:41 GMT+0800 (HKT),document,0,1ubbDOSv1X9-EvI9jgtyKpDDeHOnV61FpO5dfKAV0uYY,https://docs.google.com/document/d/1ubbDOSv1X9-EvI9jgtyKpDDeHOnV61FpO5dfKAV0uYY/edit?usp=drivesdk
5,Piutang yang Nyata-Nyata Tidak Dapat Ditagih,1,PPh,4,Biaya Fiskal,,,Mon Feb 24 2020 14:59:18 GMT+0800 (HKT),Mon Feb 24 2020 15:10:04 GMT+0800 (HKT),document,0,18dtUYQ0BevZHb33JB_575zPMdEStEm3MDEqRnvbNhy4,https://docs.google.com/document/d/18dtUYQ0BevZHb33JB_575zPMdEStEm3MDEqRnvbNhy4/edit?usp=drivesdk
4,Biaya Promosi,1,PPh,4,Biaya Fiskal,,,Mon Feb 24 2020 14:59:00 GMT+0800 (HKT),Mon Feb 24 2020 15:06:55 GMT+0800 (HKT),document,0,1teSVGh-vT5YCMZxiMmKhF-nsLkOarrQpL0FJJvwa_ZU,https://docs.google.com/document/d/1teSVGh-vT5YCMZxiMmKhF-nsLkOarrQpL0FJJvwa_ZU/edit?usp=drivesdk
14,Contoh Soal Rekonsiliasi Fiskal + Kunci Jawaban,,PPh,4,Biaya Fiskal,,,Mon Feb 24 2020 15:01:06 GMT+0800 (HKT),Mon Feb 24 2020 15:01:22 GMT+0800 (HKT),document,0,1uYXVTCywS7G6JUc0o7MWjJLe4NU3zbbTxSA0RO0sZCs,https://docs.google.com/document/d/1uYXVTCywS7G6JUc0o7MWjJLe4NU3zbbTxSA0RO0sZCs/edit?usp=drivesdk
13,Daftar Rekonsiliasi Fiskal Biaya Usaha,,PPh,4,Biaya Fiskal,,,Mon Feb 24 2020 15:00:53 GMT+0800 (HKT),Mon Feb 24 2020 15:01:07 GMT+0800 (HKT),document,0,1CmyrlXaqqEu7HV4bfK9LZfFI8tLP5mVWhmBt_VJ7VL4,https://docs.google.com/document/d/1CmyrlXaqqEu7HV4bfK9LZfFI8tLP5mVWhmBt_VJ7VL4/edit?usp=drivesdk
12,Join Cost,1,PPh,4,Biaya Fiskal,,,Mon Feb 24 2020 15:00:31 GMT+0800 (HKT),Mon Feb 24 2020 15:00:44 GMT+0800 (HKT),document,0,1JFFGOGKPCTzjht1_n_yNsZRMIz9ijWoIsBm7PPX8ACs,https://docs.google.com/document/d/1JFFGOGKPCTzjht1_n_yNsZRMIz9ijWoIsBm7PPX8ACs/edit?usp=drivesdk
11,Pajak Masukan yang tidak dapat dikreditkan bisa jadi pengurang Penghasilan Bruto,,PPh,4,Biaya Fiskal,,,Mon Feb 24 2020 15:00:23 GMT+0800 (HKT),Mon Feb 24 2020 15:00:38 GMT+0800 (HKT),document,0,1d7IpGHQ5VXTgOUbajuN8SK1uylzkGTBLppnpxTxAdn8,https://docs.google.com/document/d/1d7IpGHQ5VXTgOUbajuN8SK1uylzkGTBLppnpxTxAdn8/edit?usp=drivesdk
10,Sumbangan / Biaya Pembangunan Infrastruktur yang bisa dikurangkan dari penghasilan bruto,,PPh,4,Biaya Fiskal,,,Mon Feb 24 2020 15:00:10 GMT+0800 (HKT),Mon Feb 24 2020 15:00:27 GMT+0800 (HKT),document,0,1CZoXaF9yVOuu_rmiBNb2bHlE-1wS9mHpt9y-Qa-vOYo,https://docs.google.com/document/d/1CZoXaF9yVOuu_rmiBNb2bHlE-1wS9mHpt9y-Qa-vOYo/edit?usp=drivesdk
9,Biaya Entertainment,1,PPh,4,Biaya Fiskal,,,Mon Feb 24 2020 14:59:59 GMT+0800 (HKT),Mon Feb 24 2020 15:00:13 GMT+0800 (HKT),document,0,1-r-Q5NZb-XJrFVWr8pGsXD84U6Y3bknn3xVVYK2tZIE,https://docs.google.com/document/d/1-r-Q5NZb-XJrFVWr8pGsXD84U6Y3bknn3xVVYK2tZIE/edit?usp=drivesdk
8,Pajak Daerah dan Retribusi Daerah,1,PPh,4,Biaya Fiskal,,,Mon Feb 24 2020 14:59:44 GMT+0800 (HKT),Mon Feb 24 2020 14:59:58 GMT+0800 (HKT),document,0,1LFU6CIc7Qq_Zs0A4GEK0-dnSKx54j3YpTxDoIy-2FDk,https://docs.google.com/document/d/1LFU6CIc7Qq_Zs0A4GEK0-dnSKx54j3YpTxDoIy-2FDk/edit?usp=drivesdk
7,Biaya Bunga Pinjaman,1,PPh,4,Biaya Fiskal,,,Mon Feb 24 2020 14:59:35 GMT+0800 (HKT),Mon Feb 24 2020 14:59:48 GMT+0800 (HKT),document,0,1LzXdh9zMLZ0DErqj-H47SHbC8vJSbu4ITQDn_geZJzM,https://docs.google.com/document/d/1LzXdh9zMLZ0DErqj-H47SHbC8vJSbu4ITQDn_geZJzM/edit?usp=drivesdk
3,Natura/Kenikmatan,1,PPh,4,Biaya Fiskal,,,Mon Feb 24 2020 14:58:46 GMT+0800 (HKT),Mon Feb 24 2020 14:59:05 GMT+0800 (HKT),document,0,17kr2tFv4uRXfKJoYAXGxgbHuF8fpCxrNxSuq7uG-JVA,https://docs.google.com/document/d/17kr2tFv4uRXfKJoYAXGxgbHuF8fpCxrNxSuq7uG-JVA/edit?usp=drivesdk
2,Biaya Fiskal (Pasal 6 dan 9 UU PPh),1,PPh,4,Biaya Fiskal,,,Mon Feb 24 2020 14:58:35 GMT+0800 (HKT),Mon Feb 24 2020 14:58:51 GMT+0800 (HKT),document,0,163QHH77rz9Hdn1YqXeH8v85Gl7F0DNkrvLH0anCTR6c,https://docs.google.com/document/d/163QHH77rz9Hdn1YqXeH8v85Gl7F0DNkrvLH0anCTR6c/edit?usp=drivesdk
1,Zakat Atau Sumbangan Keagamaan yang Sifatnya Wajib,1,PPh,4,Biaya Fiskal,,,Mon Feb 24 2020 14:58:11 GMT+0800 (HKT),Mon Feb 24 2020 14:58:34 GMT+0800 (HKT),document,0,1UiIxrLAOLRytp9fnleoT1w05i023C4--dqzYyZjRdhk,https://docs.google.com/document/d/1UiIxrLAOLRytp9fnleoT1w05i023C4--dqzYyZjRdhk/edit?usp=drivesdk
5,Kendaraan milik perusahaan,1,PPh,4,Biaya Fiskal,1,Penyusutan Fiskal,Mon Feb 24 2020 15:18:06 GMT+0800 (HKT),Mon Feb 24 2020 15:31:41 GMT+0800 (HKT),document,0,1iSDXzmsYSIDVubJEcBSryVhvwbBPX4OzbO2_2cc7AWg,https://docs.google.com/document/d/1iSDXzmsYSIDVubJEcBSryVhvwbBPX4OzbO2_2cc7AWg/edit?usp=drivesdk
4,Perangkat Lunak (Software) Komputer,1,PPh,4,Biaya Fiskal,1,Penyusutan Fiskal,Mon Feb 24 2020 15:17:55 GMT+0800 (HKT),Mon Feb 24 2020 15:28:18 GMT+0800 (HKT),document,0,140ogI84DyZfI_3FfwhVH7qG1ocC7FHSwjOUE1IKjcZM,https://docs.google.com/document/d/140ogI84DyZfI_3FfwhVH7qG1ocC7FHSwjOUE1IKjcZM/edit?usp=drivesdk
1,Biaya Penyusutan Fiskal,1,PPh,4,Biaya Fiskal,1,Penyusutan Fiskal,Mon Feb 24 2020 15:17:22 GMT+0800 (HKT),Mon Feb 24 2020 15:22:39 GMT+0800 (HKT),document,0,1vwOVVDvaQlmjnJw3swvnn8UOi9rxkTHo0x1mdu_Ylkc,https://docs.google.com/document/d/1vwOVVDvaQlmjnJw3swvnn8UOi9rxkTHo0x1mdu_Ylkc/edit?usp=drivesdk
8,Penyusutan Harta Berwujud Bagi Kontraktor Migas,1,PPh,4,Biaya Fiskal,1,Penyusutan Fiskal,Mon Feb 24 2020 15:18:34 GMT+0800 (HKT),Mon Feb 24 2020 15:18:52 GMT+0800 (HKT),document,0,1c1EHpco4oLaEF-qQ51s8wYx-TMg1yq7-8m6lDRz_X8Q,https://docs.google.com/document/d/1c1EHpco4oLaEF-qQ51s8wYx-TMg1yq7-8m6lDRz_X8Q/edit?usp=drivesdk
7,"Penyusutan, Amortisasi dalam Bidang Usaha Tertentu (Tanaman Kehutanan, kayu, Tanaman Keras, Ternak)",,PPh,4,Biaya Fiskal,1,Penyusutan Fiskal,Mon Feb 24 2020 15:18:24 GMT+0800 (HKT),Mon Feb 24 2020 15:18:40 GMT+0800 (HKT),document,0,1Sk63PPzOCOq-EZn84Z7tNcg1v90jHcf5ysu6DnSX8Wg,https://docs.google.com/document/d/1Sk63PPzOCOq-EZn84Z7tNcg1v90jHcf5ysu6DnSX8Wg/edit?usp=drivesdk
6,"HP, telepon Seluler, pager",1,PPh,4,Biaya Fiskal,1,Penyusutan Fiskal,Mon Feb 24 2020 15:18:17 GMT+0800 (HKT),Mon Feb 24 2020 15:18:30 GMT+0800 (HKT),document,0,1tbRWm-mbLWBgV6IOPFag5m3Ipnh8C9JK_uJH6Kx8hZ0,https://docs.google.com/document/d/1tbRWm-mbLWBgV6IOPFag5m3Ipnh8C9JK_uJH6Kx8hZ0/edit?usp=drivesdk
3,Amortisasi Harta Tidak Berwujud,,PPh,4,Biaya Fiskal,1,Penyusutan Fiskal,Mon Feb 24 2020 15:17:43 GMT+0800 (HKT),Mon Feb 24 2020 15:18:01 GMT+0800 (HKT),document,0,1KZ-BM4QrIk-XfVfgrutSVj1s5N5PUfafj65HKpNg_qU,https://docs.google.com/document/d/1KZ-BM4QrIk-XfVfgrutSVj1s5N5PUfafj65HKpNg_qU/edit?usp=drivesdk
2,Penyusutan Harta Berwujud,,PPh,4,Biaya Fiskal,1,Penyusutan Fiskal,Mon Feb 24 2020 15:17:34 GMT+0800 (HKT),Mon Feb 24 2020 15:17:47 GMT+0800 (HKT),document,0,1hKIWCi7jyGlW14s9YoHjQpUd_oYyBayGReOs-703jfg,https://docs.google.com/document/d/1hKIWCi7jyGlW14s9YoHjQpUd_oYyBayGReOs-703jfg/edit?usp=drivesdk
5,"Penggunaan Nilai Buku atas Pengalihan dan Perolehan Harta dalam Rangka Penggabungan, Peleburan, Pemekaran atau Pengambilalihan Usaha",1,PPh,1,Umum,,,Tue Feb 18 2020 15:39:38 GMT+0800 (HKT),Mon Feb 24 2020 11:40:50 GMT+0800 (HKT),document,0,1um4C8N1mf-cvcVUSVrJLretfX6RLyswG9t5fUCN3Y4I,https://docs.google.com/document/d/1um4C8N1mf-cvcVUSVrJLretfX6RLyswG9t5fUCN3Y4I/edit?usp=drivesdk
2,"SKB PPh Potput (SKB PPh 21, 22, 22 impor, 23)",1,PPh,1,Umum,,,Tue Feb 18 2020 15:40:38 GMT+0800 (HKT),Mon Feb 24 2020 10:58:05 GMT+0800 (HKT),document,0,1jKNDmPF57Ztft6iyRrjy61sVXiBPrpQ4OrtcEBZjEPQ,https://docs.google.com/document/d/1jKNDmPF57Ztft6iyRrjy61sVXiBPrpQ4OrtcEBZjEPQ/edit?usp=drivesdk
3,"Penggunaan Nilai Buku atas Pengalihan Harta dalam Rangka Penggabungan, Peleburan atau Pemekaran Usaha",1,PPh,1,Umum,,,Tue Feb 18 2020 15:40:05 GMT+0800 (HKT),Mon Feb 24 2020 10:42:14 GMT+0800 (HKT),document,0,10kGTWYrF693IFhHUrsmGk-jBnp2oXxrjzDBpGsDuZ4E,https://docs.google.com/document/d/10kGTWYrF693IFhHUrsmGk-jBnp2oXxrjzDBpGsDuZ4E/edit?usp=drivesdk
4,Oasis Pemotongan/Pemungutan PPh,,PPh,1,Umum,,,Tue Feb 18 2020 15:39:02 GMT+0800 (HKT),Tue Feb 18 2020 15:47:03 GMT+0800 (HKT),document,0,1Yd-WO6eSqp2WttnujN1B4LtB_fiOLaDBupqwDxyNxSQ,https://docs.google.com/document/d/1Yd-WO6eSqp2WttnujN1B4LtB_fiOLaDBupqwDxyNxSQ/edit?usp=drivesdk
1,Resume Tarif dan DPP PPh ( KETENTUAN LAMA),,PPh,1,Umum,,,Tue Feb 18 2020 15:37:35 GMT+0800 (HKT),Tue Feb 18 2020 15:46:24 GMT+0800 (HKT),document,0,1JSrHcMwQY6dFSvsVOFZxB_Mck3Gf05lSelVFvuyoykY,https://docs.google.com/document/d/1JSrHcMwQY6dFSvsVOFZxB_Mck3Gf05lSelVFvuyoykY/edit?usp=drivesdk
1,Saat Dimulainya Kewajiban Perpajakan,,PPh,1,Umum,,,Fri Jan 10 2020 10:03:38 GMT+0800 (HKT),Tue Feb 18 2020 15:46:04 GMT+0800 (HKT),document,0,1Gf1g4SpdKhp-IOB-Nf3Lxwr2OB5U5Ykb2CICsX4NdXc,https://docs.google.com/document/d/1Gf1g4SpdKhp-IOB-Nf3Lxwr2OB5U5Ykb2CICsX4NdXc/edit?usp=drivesdk
